irradiance_wm2,ambient_temp_c,module_temp_c,humidity_pct,wind_speed_m_s,panel_age_years,inverter_eff_pct,maintenance_score,location_type,power_output_kw,efficiency_tier
537.0861069626262,28.16786247976763,49.08574899155279,75.07040411560727,0.8201720895197424,8.28937228647992,94.06978801644073,69.36455868376649,Coastal,197.95290999566146,1
1055.6428757689246,26.771365717040585,64.95287826810635,28.511898579946443,3.336549138714945,13.328482841003703,91.94735294173458,80.01012735462903,Coastal,363.15993759255116,0
858.7945476302646,10.89747230322525,42.322420116685464,23.239733530558723,5.785569644928654,1.6594434452276545,93.61616393546693,75.68263359106648,Coastal,361.4837222559865,2
738.792635777333,21.943673966915473,45.06950479672106,81.27629757659923,7.72779485096103,12.35745411518895,97.2042802477677,84.7270987018637,Desert,292.8126026715781,1
340.41677639819284,23.306846657504998,37.64532180221455,40.719724706939694,,3.229705325651837,97.58109306941887,52.77419710339553,Urban,153.59608208163758,2
340.3950683025824,23.958797331391516,36.39512578444961,66.2902593681774,9.040313881339442,5.971846362799474,90.79272767886818,64.22703051360281,Coastal,123.00043218979422,0
252.27525095137952,30.30603292295663,38.3971124277625,16.901145319795386,3.71731970520097,4.817376278928452,92.85247496933395,90.96152884200512,Rural,112.55380773388814,2
979.5585311974417,28.676089135440748,63.24741466203571,66.75351663070873,6.996954988003442,6.062313565694445,93.76601216003523,53.99468438956804,Desert,358.7700913695876,1
741.0035105688879,31.276678247770562,53.65933065188501,38.70759836602279,1.5136357989941094,2.342382921281525,97.9656807973266,92.77429773479787,Urban,315.5015933710799,2
837.2653200164409,36.77091415397449,66.89250597751126,19.18056401905813,5.25715352120688,7.603194108612969,98.48548185122604,54.59480460385531,Rural,305.94928037123793,1
218.5260448662222,38.45450085506327,44.04416940901691,60.73595711610878,9.126849578977911,12.044474588487372,90.47177611283603,91.72271074458482,Urban,104.27286849912075,2
1072.918866945795,35.1343076679273,69.98112743934306,33.060286205488,8.474109814434005,6.678856754645564,95.63328864913106,68.03942005393634,Rural,391.3682239647311,0
949.1983767203795,43.443329358422716,73.62055417120023,44.010543153891,11.892391477480059,7.410142280883166,91.96932615344855,80.6104531628608,Rural,312.7390589544682,0
391.10519961044855,10.638140393672657,26.55219913001821,21.04356092148852,3.695747948859194,12.746637020691582,88.08513606730524,57.644355782399906,Coastal,151.19702715740044,1
363.64247048639055,16.852229498924114,28.321189178562207,26.0372438321209,6.22917694050076,10.620265908106658,88.09715148557697,53.30843608625904,Urban,147.52877529841882,2
365.06405886809046,10.264700624234974,26.10939810445114,37.348292662188285,4.289599758400962,7.407770686944792,92.83594307940369,60.79691020100675,Desert,145.5711153716856,1
473.8180186635839,32.66161499541111,48.173642722531945,21.731962542011786,5.566935811680509,3.9396651580187774,93.12751658654551,56.392690895434775,Coastal,198.06652479775238,2
672.280788469014,41.43106921324954,61.546180894479136,83.31196985147365,,13.285408527990002,88.23698181402115,65.62029488398159,Desert,224.74814421424648,0
588.7505167779042,18.521880380170472,36.89509958749981,15.45352823879838,8.368404364667596,8.69760398518932,95.21273787613018,75.71916232555101,Urban,214.66191626184957,0
462.1062261782377,42.44620906787073,61.09155022412293,51.28951641482335,10.64807370049719,3.3950993906493316,91.087035580247,79.43797317825047,Coastal,174.41225385189583,1
750.6676052501415,12.10935866013463,38.07092848801625,24.243559359941358,2.8403777458166943,4.109884314306354,93.87887756612747,89.49340536898714,Coastal,313.30314538331123,2
325.5444745868376,42.705260938193,53.00274295575112,38.075931710846135,10.543652855176537,12.066683025150065,91.1596502682369,82.81199466241793,Desert,124.12036460620888,1
462.93018368169635,22.306794053387204,38.82938693395215,84.45446698636991,1.1872661530514208,0.7577688751030863,89.75491030612773,80.43791625647765,Rural,201.1678177118127,2
529.7256589643225,13.549728995722578,33.09369253180896,27.127091495549013,10.718891725027254,14.882173586729419,92.2753242552882,70.58910137428873,Desert,206.45114254232493,1
610.4629857953323,27.005511571521396,50.60651370616296,87.43742397887495,4.284348463798371,2.0422400277503976,90.43887033030026,73.69042174800694,Desert,255.9961889813224,2
906.6583652537122,18.98717987021778,53.617221113883566,30.43457827420663,4.117757784261764,11.961421028414367,93.61541025765126,70.72604146950906,Desert,329.66070771740243,0
379.70640394252376,19.970551568667297,32.54073841507746,70.61745813501221,6.389018632034635,5.982152219898075,90.08769956800803,92.10830150306916,Rural,163.83843028771017,2
662.8109945722504,20.75514877242003,41.30143821028472,56.00079486729838,11.317937158817164,7.434021130983256,93.33826275476858,61.500022627419995,Rural,271.3967117934903,2
733.1731119758382,38.10590642414322,62.940035021051,81.33590456975693,1.0494856938361616,13.22169360422221,89.6524744061231,50.28604657709823,Urban,237.4683324235554,0
241.80537144799794,28.870644683633905,37.85439369747961,56.549494162734824,4.550656213313571,6.252376724879277,95.04523444960074,82.56599486131196,Rural,110.94830856259014,2
746.7903667112945,20.895769470460127,45.10591445293421,55.09194143672315,10.35057786985836,8.108656929731193,95.91634568663495,60.12310918194157,Desert,289.0680327058726,1
353.47171131856237,31.361682415882143,41.81889048224174,29.65935002762999,5.054626490507867,0.8345649698966321,89.1591394596243,94.50575681549046,Rural,138.87984779447936,1
258.5464336867516,35.065273597811775,44.80197453994785,27.467202153874403,,0.134977360625052,92.91192532639207,92.9523164853328,Desert,92.93845684486637,0
1053.9969835279999,19.541840025673682,56.33442974601278,83.73668633366357,5.385133085311235,3.7475181077257163,88.74415285687617,53.836368596410296,Desert,380.52568336165984,0
1069.0688297671036,24.474218553387303,61.957221586059106,39.587864913752554,4.933853767154197,10.240688084489632,94.28091567819102,55.319420270703866,Desert,382.11557426647016,0
927.557613304815,14.266013266793165,45.21353906306156,42.90616912221719,,1.906846911051137,90.77624512826128,74.7585796123333,Coastal,383.4714811458728,2
474.15239225603364,16.34022723371381,32.474759534263455,71.98677438212913,9.262245321045617,1.7950531861877865,93.54005679680643,80.46113313846773,Urban,216.08340861093663,2
287.90490260574546,33.8391248887744,42.067330191438884,40.41176118171055,6.3088288910560735,6.223313059734958,93.43334059853505,63.74541687411204,Coastal,111.29341851899574,1
815.8097238609412,16.350342169346945,46.68407932672946,86.4046834979252,11.866261517298067,9.752771875262574,97.70572063503491,85.83988583496853,Rural,317.6003230563874,1
596.1372443656412,28.380718428347105,51.31602065059205,70.34458267491001,5.850691609673118,10.709872684494163,93.76537383697159,79.74580104594358,Coastal,230.12293409194538,1
309.8344113603009,34.81661916028514,41.96844783341949,59.8071931930065,1.169735054433165,2.7589150440657844,94.12148403704231,66.24120548742773,Desert,141.2230417347124,2
645.6592191001432,13.740692308316035,34.47974325643624,81.06713704085644,3.516154700872326,1.2858633958434327,92.21735782052599,51.26857440211578,Coastal,277.5666295135409,2
230.94966900369656,29.855927687011626,34.946107591960846,18.720443126211208,5.514810522522095,14.111915805788609,97.96533583341957,87.50751406492589,Urban,108.9837826823866,2
1018.3883618709039,18.979697429547734,53.32324222621558,34.27970191419065,2.304380177680381,3.983929100175316,96.1604520491159,60.737683291254136,Rural,400.26851505380563,1
432.9019834400152,43.70244063331529,58.687134114135105,49.877725066568246,11.396998952726495,12.814862814369985,90.99675554817983,91.72368717313142,Coastal,147.10813897849383,0
796.2700559185838,26.924097635197366,51.89425915295074,32.02339046036408,9.318762324904391,12.966022611895992,96.86420065065043,71.01451300271276,Coastal,292.77919497878196,1
480.53996848046984,38.20973924213054,53.18491851269636,70.79288904766139,3.5853028049193854,11.610586617261912,92.54016178194344,78.85387213158828,Desert,175.4198823698423,0
668.0612190600298,29.257928975469163,50.63215689840721,83.94060232902939,7.294252135456032,2.6156207391232944,96.70100500710274,93.6474365204501,Urban,279.2754681690978,2
692.0392514089517,11.519438649918671,36.15534710802987,46.782758994819254,8.796665306760078,12.344841742887585,96.64032471708177,93.18115004599767,Rural,290.1771717431696,2
366.36900997297437,32.16029814579078,45.12190216891739,40.65994500839212,11.324707682428176,11.561833332699642,89.98313696100998,68.57597876217866,Desert,132.38541402341374,0
1072.6261649881026,43.299116977233,79.39755764514207,87.11630491031747,10.638806515517222,8.991172552582634,95.36198187952756,60.44444463574216,Rural,356.01855962324623,0
897.6195410250031,31.056413705121592,62.826739385275495,48.36393246206556,6.424710600589457,5.1243103240173955,91.05175117771857,88.75730388642972,Coastal,318.52383004817403,0
1045.54904740777,38.67161007993766,74.17246657003508,51.678630033696244,9.408505127619701,4.011378203571507,91.12367303492302,71.65401018010655,Desert,370.0224890528453,0
1005.3446153848839,40.94722621719427,75.59097753501311,41.37374042564291,6.964664669017227,1.9161492599973486,91.1116548072461,59.60209967795021,Rural,344.56989875914724,0
738.1099809299766,,47.163545531358885,83.21613547591038,6.856094735523711,7.695380296822984,95.61846659937946,95.2212671158575,Coastal,298.20240002146306,2
1029.6868115208051,17.42156939678793,56.14152990359681,57.671661246138804,1.8195325208892068,8.820387045096712,90.41317343882163,59.90520971205437,Desert,355.491693430312,0
279.64325184672754,31.38433460978471,38.57268595056498,72.16309403862334,1.9505830671857487,5.454150958685229,88.00951127008395,51.290358409561556,Desert,89.84262429905712,0
376.38457617723066,24.385996443234667,39.218921445196095,75.88550387631648,6.589636572758261,7.182850108444941,95.50998696156765,51.013998688371,Desert,167.82713766750618,2
240.70456001948426,39.39514560033521,49.44259831000034,40.638678143794365,3.5919077672585757,5.516365414802073,89.79743981026881,81.11576782271321,Rural,97.89957237635859,2
492.7972976869379,41.50080931893039,56.45218816046798,47.5270748490285,0.7419243782953893,9.65099025407845,89.09706515073226,83.08375303587653,Urban,155.08455660618364,0
549.8095607205338,22.369748275595136,43.25063818832354,78.63538308046985,8.812650844852442,13.528762196168794,90.49391926623763,65.5520852528492,Rural,209.2538332785839,1
444.2141285965063,18.29046956410687,36.913827901809704,42.24415137568577,0.8735958619368971,2.542411904499479,91.9889554843884,66.00054946235318,Desert,194.40815764905406,2
945.8637582367364,37.31839303353516,68.17853495933211,74.54513500888885,7.3456836726966275,5.782991267556539,92.9970164384686,66.97469575299714,Desert,336.68706663042485,0
521.0779940242303,19.618211244184764,36.0209353930043,85.57442419308278,6.7007286324641155,2.198942198867834,88.46798542748262,84.00792733794393,Desert,230.86500364812576,2
452.84105871864267,38.79150114797874,56.67626113681824,61.740777980100525,11.641368941644751,9.411662179076696,98.19101999258729,52.90668955134143,Coastal,174.25058390563817,1
688.4264748424237,24.830838877706697,49.468756118842826,70.62204655889167,6.068451102497879,10.960170591380077,95.51866206090536,96.45581763456627,Rural,253.7503051941265,1
326.8318024772864,33.36424647520147,45.906312112385535,75.38229840308512,1.2314165183446697,13.985499715702092,91.39353768590553,61.12605220887232,Urban,122.1670243723725,1
921.9772826786357,13.343735984213385,46.29411931076663,78.3779736672482,6.844411629774309,4.255191701288377,91.34632120149668,99.98366026210462,Desert,373.2447452488297,2
267.09557931179376,31.835076363680056,41.96481348144913,44.6290003392597,,14.258146967394909,92.70969676836883,58.57613468935935,Rural,91.60631732310189,0
1088.1982429404657,25.81186875580302,61.24586300209716,18.844759438199862,11.963766769236559,1.0426138101280547,94.57557063901184,88.57732286561887,Urban,434.8419097641339,1
895.0202923669917,30.531296211141594,63.951641857229205,45.140720342755465,5.448946497424334,9.084906564132364,89.53691719918416,61.17062724648125,Desert,282.2987352832177,0
378.8441133807552,15.880497271070219,31.4792212242522,65.53171723380673,4.183435538712539,0.9512775182156166,89.983763044532,54.042340082162696,Rural,168.32458107683067,2
204.96990541124217,35.790581073046376,42.505746274303796,48.77627893355946,10.926512914947988,13.417235397652979,97.02406311975228,93.74666621753244,Desert,72.11482719693197,0
933.9152856093507,,72.79797881071255,71.1722363145299,2.699284484375396,7.994154950343806,90.69067670083527,92.9375629595446,Desert,306.61552150831284,0
836.1716094628554,17.585893003177148,43.78968432926564,41.773682210149786,7.577432522878656,10.073290426365661,91.99204747873937,70.17851962248007,Desert,317.04392997196675,1
856.1064512368886,13.35000944320566,44.34224474853244,62.605810582802214,5.165715878080899,12.490451496065743,97.14835443497623,85.11980712702135,Coastal,347.54607836689155,2
894.1433120173511,10.827350511621773,43.26648131565736,28.981485364048094,0.9724471969888857,2.3396282750111346,94.96305220869813,77.85329663419586,Coastal,377.50554108866106,2
266.64018656068134,32.46900251551431,41.677027011139536,71.20270774837178,4.493817454515524,0.6750142728781943,91.58797473308773,92.64780568368744,Desert,102.63495148188557,1
522.6191556898453,31.248291263107326,51.788668431992924,55.92719766097694,3.550128008780758,13.195329074101497,95.17884523010852,65.75279846593273,Desert,187.14407933351796,0
304.2821535726167,29.13440944499245,39.11613035807416,30.304829140995043,8.3900482703501,4.792505089138094,88.20667376150485,76.18361999994926,Urban,104.94819534104329,0
976.7930832880342,18.118148364059138,53.435118130927535,36.89333801233555,11.41109072345706,2.0217857281147626,95.72424793011933,74.26861856022752,Rural,392.24925967531516,2
760.9683141448021,23.68170985669301,48.27627217437686,71.14565314363742,3.582542654854334,7.080072432597589,93.11366842542051,67.69529131284294,Urban,306.28808754458805,2
497.80822236738425,30.806671731516058,48.18285521262604,51.19509267461405,9.83185830024434,9.01476052787068,96.53841254648684,94.57275322781861,Desert,201.4441806680031,2
257.2025152574213,27.386840060070927,36.040219578275,31.202358029480415,1.1366378947917095,0.5614619909954008,98.02369534606791,58.29389623312677,Desert,124.62143231444614,2
479.88408954409596,44.572493207521056,61.8190521856463,87.54533927777233,6.688391615457851,4.195945308030607,97.72077976969297,57.475431976034805,Desert,202.0913015279273,2
492.66498982407234,14.77539133948566,31.279612125661473,68.6343764862666,1.3113257326637877,0.5887181267257506,97.54728295628108,78.84547676613757,Desert,219.4652663623065,2
856.6455605042577,34.330059391665785,64.04970881797146,86.78511244048471,11.241379398002351,6.362997299012934,93.37778453730581,82.8747114992471,Coastal,312.1749150644642,0
773.8017242196918,24.151156883650224,52.886311574222454,47.032878402025744,9.313039726409988,13.43699043308704,91.78149219845885,59.73096271622826,Urban,298.34337939365366,1
998.4914683186939,24.986986522396517,59.06065943907438,50.632525551879034,8.06642397885281,14.74152093125418,92.88287090967206,69.5358721127312,Urban,363.02569603458016,0
624.9934326457544,35.11592179803617,53.777537739160216,82.34664121387644,9.97480838868364,9.592008547204049,95.2439080347903,97.32819214893718,Urban,222.9850896663118,0
307.63482134447156,34.235265296352935,48.50165185182028,54.378700518403846,7.9464776490568765,2.508401637390418,97.28197665714745,62.3308711345337,Desert,131.96832406127805,2
841.9203085006955,44.69395977957659,76.92407873448191,68.04591839292505,11.642860567504348,13.597155910989656,90.17335618150126,83.4180351058697,Desert,265.6610400468757,0
884.7065437552077,14.493800130894384,42.874003772115415,33.91296581216474,8.710516400444872,7.792092565680901,97.64102816384788,87.00746968487954,Urban,381.16222167390595,2
705.1494778125466,13.643837728445822,39.70348506237534,48.50448515269804,11.133574010195838,2.39086475033348,96.55939243568383,72.40643497325797,Desert,295.14874321428357,2
893.8704619591049,35.351858599505945,65.63137522697194,24.25873993577663,6.447016758122337,13.833727374829754,98.27798815937146,96.87629933797915,Desert,318.7143508410142,0
644.4160367279517,30.243542095224317,53.32507781136475,30.448502690772123,1.8462407492914206,11.386288855774234,97.24264361945771,86.83283676093953,Coastal,242.28766939910446,1
670.4595464437946,19.595623329593206,43.650155713153005,15.070756145072332,6.5740437963646965,11.002408563574958,90.93934196176502,72.8962289930449,Desert,244.59584325229935,0
584.7869165226946,12.779677914614531,32.778404392276194,17.944878873649518,1.959037522725573,10.666792486536629,89.1125370691125,78.4667600888047,Desert,236.6423724771541,2
222.87721406968566,12.998038735875069,19.231209897141277,88.2962867382697,7.313675010528658,3.085063334336991,89.17853125591168,84.63067217125504,Rural,80.76695942646137,0
297.102284293974,41.296680613244135,50.314178458900706,33.176527135257174,6.048670196068124,3.2439997064421386,91.0578448450719,79.60950902146091,Rural,107.99062290121525,0
228.28626711806083,16.715356365156,22.872991883325646,64.74830321280015,7.65961707507699,10.3555656765661,94.44892910183766,93.93487919130379,Desert,77.13655849971562,0
772.7693701374023,21.318004674043227,46.701288212391425,77.93247740997086,0.6155402821305633,3.3738689766449137,96.44536342402031,67.84443311402006,Desert,331.3862971457523,2
482.920382968694,17.93297407794458,34.70083090175016,56.29953444274232,2.740665654036687,6.636208282365428,97.44212822330643,64.99428700279024,Urban,221.88951051169175,2
657.7136220482325,22.424870704117808,44.01332749758445,26.485837506296715,6.150299966989505,11.751827201349727,94.54941053587694,60.69194447476322,Desert,247.53486642059653,1
1016.8098265334837,12.429834496113267,49.38228255621044,69.60873280021248,11.43079095827505,11.78089251965783,88.05912878385456,51.889148403229754,Coastal,346.7940103828942,0
424.36300623398745,28.167092681789462,45.99429021065088,60.01885575746873,4.911503964084321,6.853600410635308,89.9563261534446,52.15069821900277,Desert,162.91419187611376,1
569.3446307320668,12.36643972572752,31.133395318609775,69.84379420105313,5.380278299616799,11.903630080301152,89.04712514046037,93.50275965546413,Desert,241.1802505345707,2
879.9960246887438,38.012477773782656,69.29114763895944,72.73099671428153,8.719005023576155,12.595464763351046,91.81490699347461,83.91965732029536,Urban,300.919106678287,0
405.9183489424602,18.179922866865155,33.38643530045714,88.15577757635589,7.4436167087903575,9.856158694135477,93.26418543315434,83.0266207718243,Rural,157.7732228055863,1
269.2819188459137,28.90041701115787,39.2692887126034,58.01724600200325,3.937650726130832,3.5035451993954605,88.45567037507489,80.7321409467443,Desert,87.14777449366203,0
460.77630762239124,40.80276806465104,57.08184936726691,40.62308345179514,5.224388549025419,4.182775527744658,91.65901874585438,92.46095723470523,Desert,162.40418084102535,0
345.099158528604,32.78070791665179,46.344543301872385,63.634841767517784,3.003547686858173,4.791133215590157,89.88138658356588,74.01334628328138,Desert,133.40384273742006,1
1036.7278871083158,28.653522529296737,65.9034964834491,20.13305319319696,11.609246779997399,1.840381205235885,94.79423674571818,93.52054142791502,Desert,391.5067743544197,1
927.3083416079753,21.351681359038146,51.33214847066269,82.30479887411897,2.002295387909637,4.170078343512182,92.87485987790556,67.97225130911195,Rural,361.7992318757706,1
770.0633808593811,21.65506695703693,50.34559741589382,23.953575850364757,4.776123022513824,3.2218364422567287,93.20083529280605,96.33537521695453,Urban,304.53512361076736,1
984.3145311689459,33.432043431936656,69.65763369738325,39.58821284143637,0.7971481805301287,6.884398372148172,92.49076377435134,84.932849004062,Coastal,335.0062540509043,0
923.304869209203,44.794877642740865,75.5839758567058,76.18090354695906,3.050464157235784,13.635719463296748,98.03820696010895,62.858856801221364,Urban,297.9883915457751,0
367.91305299743226,33.16437164472825,46.11720417053358,59.798428374803386,9.47541809137178,1.6567567196339754,90.2547188137764,78.20424608443125,Rural,164.55168799730518,2
1003.30309864098,29.522419607950873,66.00468604600732,44.52266402080816,2.8135151713221136,10.831992066816195,93.42497472836068,76.65152807441278,Rural,361.6676685921358,0
685.4080177240857,35.57276785837361,59.14342083955788,50.507674453126604,1.4207291290831043,10.340516765755604,95.72818236783603,56.894941086516695,Desert,270.43299195407644,1
926.6961396476563,,60.86251741313013,79.09105449016353,5.956211568212018,1.5267375600840292,93.8468663379129,79.56214528753071,Desert,364.52552478730854,1
1006.4821699311439,12.104981991027483,52.05960292785624,40.500328954491906,0.6146461994469627,13.84632883309642,97.75471930002641,65.7392811858479,Urban,374.61943245375164,1
486.2031274746775,29.680388555726843,45.12552595207059,80.22372636091285,1.4748107759028315,8.570235812136612,91.96866773423348,52.61743834048012,Coastal,198.7438167306793,2
299.0467320749091,43.516884957688305,51.22143137400258,21.610082323251863,9.787697499974215,5.519510264921695,92.86859596061836,97.43280788532824,Rural,117.73798619149491,1
405.1416462877475,16.135602982518087,30.923197793799,73.25988279064731,9.371943465885474,11.37242489408007,88.92948430975464,82.07451845321438,Urban,160.42996181432068,1
584.3970097636306,34.1501711787233,56.04719153070266,78.56607247910523,11.024096434656304,3.9347453301843474,94.39449066604524,93.84594659354235,Rural,230.88226724645168,1
936.2132893302438,17.032679103066975,49.33841148193597,28.636323962800404,10.326927512973619,10.433296571990175,91.02622566870511,83.80280025066266,Desert,312.715074820216,0
974.6575249307091,28.753968956557845,65.77350365577473,47.275989927915035,8.356518977257908,0.6916969928264836,89.68324491491347,67.84918460700564,Rural,369.0791035433997,1
206.25691747807164,13.383675737635187,17.925456249921197,27.41248309977417,1.1018278589576227,12.607179760378152,93.71757857549733,75.63440361644058,Desert,91.23089299126877,2
659.6725723198092,,50.23736004629303,67.99530967456633,9.502759106846561,6.777745620617646,93.58925776548907,83.78733801735885,Rural,261.96526655547206,1
575.6699028339011,36.46571651133361,55.40244146900237,55.15108260462426,10.223374324666445,9.586724423933331,88.7966522328525,98.01261626007188,Desert,206.59003618928938,0
399.8970294236572,22.165003348364372,39.60015519060697,62.64925100312408,9.689444676377477,3.3964435151195866,95.33126226169196,62.68347295608483,Coastal,169.50516306182283,2
307.87883060031453,33.27191035705263,48.03270013439988,29.736522521715834,6.3475089060423,10.188398318610874,94.54960800183396,93.74885293120587,Urban,113.81993263437653,1
503.8536542632652,37.84074862764052,53.942313351288114,30.880939653931463,3.1783711444690392,11.606380110809821,89.98468146883822,96.20389026471346,Coastal,189.45681744356645,1
1048.6187335212671,42.451223681780846,78.05376508320803,18.11229941324298,10.221294720420357,7.150876484577541,92.92906605261746,83.52077573294783,Coastal,340.093465185519,0
490.8826388186797,18.212472864940874,37.11254099755428,39.15506513967973,8.862372312011592,9.304131168520735,95.56339062302487,96.56333137006689,Rural,208.481734520283,2
666.9115595690295,23.976057053325786,46.54370033866279,56.98084960002562,11.778753505471792,6.899256264953738,93.5590752756834,69.89392937386842,Coastal,267.9798978886037,2
832.7170630056601,15.33456046656461,44.38883523589824,79.34511854979966,2.2904648741932285,13.421961401941898,92.15263529992748,97.65080880202214,Urban,315.1915944392782,1
527.2666421413646,44.73692257554313,63.242031891575714,65.01955855940105,3.0951427050986333,7.518250789663355,91.3845538098499,85.13914385829875,Desert,193.39139268888678,1
1074.6038744488646,42.44503387735033,76.2168231706653,47.65472425498136,2.935678723637281,12.642949764529401,94.40913559976256,52.100288370940596,Rural,335.60230662867394,0
1066.2025654479003,28.898499559819584,66.18791385830761,86.48400857956034,9.614207327645373,12.040145668226703,97.86064133225753,95.34364159095264,Urban,382.5590218536275,0
426.60406624282774,39.47116530317474,53.022852073545366,68.94339004318739,2.649433909176359,6.216521838090512,95.05332082501357,74.22364045165963,Coastal,169.33401115134217,1
647.5236553031468,28.233529204521478,49.91061149533207,84.76239021469125,1.26658804296802,3.528258928676378,88.78483198818131,73.01634923889165,Desert,251.9145581265239,1
470.7904788350927,31.82549908009659,51.19042984626246,54.56909799541243,11.98344927573473,6.150623775140588,92.8371922215624,78.32333029898172,Coastal,159.24641903810416,0
456.35644493972086,13.119355124060581,26.5788169083923,34.417820609485474,0.7853979316192152,12.41063889905078,97.35365338086159,57.469227338561396,Desert,197.85300350972395,2
233.1982526190795,36.43446471738828,46.22281393255202,18.96200147735415,10.105306691826955,3.4917247837089462,88.99185547091142,73.45830242836993,Desert,82.98087151326209,0
748.6079005819072,14.46997192723322,40.113322586936356,69.45636386128879,4.701718677832507,7.914101553280465,98.3831949774442,91.55636083588729,Urban,319.1044235242166,2
652.4111209059754,38.9123670588385,61.18723595355597,24.09772485041506,10.178577787214875,12.110841544615138,97.96522863327692,50.774122956875765,Desert,220.05232601649104,0
246.33087612499043,37.3709830684635,47.57330752494158,37.70813462039754,6.8781356489281675,5.366814379412844,88.82188204766369,63.64585801621857,Desert,81.44399011969006,0
450.7818178129503,34.80606442100418,51.263530633595224,54.9353180912923,10.868759139093141,9.66892359134019,97.80083986472033,50.122729322192214,Urban,185.16644845086245,2
1017.4392973699884,11.265613318366674,48.017214720755334,57.331244083481074,11.151219343768206,3.7599104533273366,91.81289219772435,70.78556545749242,Desert,398.3086997015249,1
415.6057016002752,20.6094924580865,37.09206133516185,60.0437397740352,0.604629084728924,1.728263735985583,96.86944625429656,86.41577552468674,Desert,180.4754169891704,2
330.40538488210075,19.2089399468795,30.110511651386382,27.469149776227546,1.367240023917065,11.93632495388356,92.39302504598935,89.93859145573143,Desert,133.222158987765,2
640.5074842498068,22.604774261503167,43.79806274123091,43.48030536162366,3.379125390064838,1.5746324887897318,92.62897868337642,97.25948805635034,Coastal,273.87670358600883,2
1087.0854086995405,13.067496136734349,48.945184388102675,61.2895670337725,8.197127288180269,4.14358278668581,94.65955245526419,80.42523064853933,Urban,444.65964631325903,2
417.84974436035037,42.7935238060872,55.76744379874155,87.73641484753385,10.715130259882319,12.841130387761858,96.13201290239783,62.73134333264477,Urban,152.2905614340908,0
804.9219926652906,29.38307842493317,63.453537018835796,69.57233532747665,5.789332439880572,5.262392377472141,88.35478608495661,96.20739745683494,Desert,299.2894405659856,1
885.4576537958458,20.693350873030823,54.173727917359,84.19528178204683,7.480190837154052,14.598375707761,94.22813795303492,88.7657876940188,Desert,336.4168458558827,1
413.8737895931597,23.894353097599918,35.67778700094447,72.16590437356328,2.667748307148953,14.69804158813051,89.9606964380224,78.72142415015722,Desert,160.29558003213123,1
855.3947137506736,25.652088917669246,52.94598798545569,59.37877266693003,9.757118589639381,4.097312704757995,91.63246993756363,84.7820107859468,Coastal,330.87976387502266,1
531.0048194473279,31.020801667621605,50.56970247171507,29.40175268522584,11.624273280564902,0.7105755115233677,91.65367099462978,96.21581775037146,Rural,222.36542553181096,2
769.0752475342215,28.04877996937742,56.06094322783111,65.00142389193849,3.5888877285178706,10.605442934660148,92.92513357232211,85.61970142364609,Desert,287.1255091746632,1
770.1767396848053,42.178719062504605,70.23267262210751,61.75346744699303,6.190498443406283,6.819698889460321,91.50843232469983,68.4187253792367,Desert,276.9834594824825,0
682.1972156672826,27.39372190170406,50.76071286295156,60.18518778429498,,1.6012173749976868,89.12729174373202,85.65141011445483,Desert,274.28493670912434,2
281.26079304896746,44.725530518815944,54.318749755524,51.73394009911806,6.930071549324136,10.642090002772838,89.52910175451724,52.013908136769395,Urban,85.02570952880929,0
951.7722460303141,39.799873521078354,73.76766118045806,54.64924529919567,6.282009581236826,0.5645061457676263,88.35109884839153,69.32077809152906,Urban,311.3830100198896,0
488.70205847456225,17.297868002506753,34.574226061703094,40.083189533857805,2.1610195677833923,13.065930688334408,92.93761539595192,70.31615159227897,Urban,182.70194704550983,1
367.8666593598688,,51.0075648446374,53.94845194817274,5.583761450857863,2.1659226837882257,98.02170079595638,58.34191172104173,Rural,163.2186305694567,2
236.6976273992875,14.072823925991663,21.89764162381634,29.816692925885867,4.342203498995477,1.9969469933262027,89.21458984830522,51.15427402758851,Coastal,79.54803064154456,0
731.8036488694177,38.610739797191705,62.5210546391007,75.38807980202826,6.501055066009678,2.7175172397319094,97.93577717653235,56.66906183188714,Desert,288.79356011321704,1
809.8079256580542,23.3218152716803,52.015515507529216,28.933271602403085,7.235024857431191,14.407968741531791,95.70029590468698,82.73107478985276,Desert,307.53057827418917,1
214.92904603507054,40.72910121557743,54.22213583201172,21.37247174170998,0.5976991539829093,10.428223467782306,94.69373743080871,90.11444081818438,Urban,95.79508650005573,2
660.8837524693529,40.38198415376076,64.24787882113672,47.7184519767868,9.251568803919886,12.040435878408188,94.77541643089741,99.4101746363487,Urban,241.9382440919403,1
403.84619767814416,38.20738900411674,51.714946550506994,64.37305796295465,8.69966435641002,6.02476128741802,96.68064030816096,67.31817515542471,Coastal,144.2779760469308,0
780.6555113685049,37.65106527074715,66.81761117259931,47.828761870015605,4.712293441375006,5.1110596398238375,89.12265857598813,79.96896111305509,Urban,260.05664663880367,0
356.92978610449234,20.663769868431427,34.12168815650708,35.75655989634814,1.10876325904141,3.593811701069232,93.29992039743819,96.85724834075609,Urban,140.29843039556607,1
821.8439642922193,12.832174906793826,42.436902637925186,56.862838791783055,9.18172420752808,7.261655621854893,95.31945695173796,58.35208906690763,Rural,322.7525536161591,1
548.0618116704836,24.104306256780653,44.500170851678924,41.025175155914994,11.484514345498523,8.32224812965911,94.16161467327242,85.88227931713713,Coastal,216.94420616688168,1
1043.056989863061,16.073358024527803,56.693439799394035,84.96507675949748,3.2617433542531633,9.513445170426055,96.74418024574459,87.74893665745816,Urban,389.0434466328873,1
323.7688497313939,34.32328811158616,43.39342098153312,84.19838547026791,4.220533057975936,3.9310657095805484,88.75885294461919,54.44877679346692,Desert,140.44261155710035,2
506.95971594523263,22.113490428822494,40.80434464052855,52.67788649790716,2.613848229040872,14.23494580545456,95.25236091474125,93.06246925915326,Urban,184.87167105812995,0
302.12616911653015,44.14635703009702,52.8680106892125,39.59129955136939,7.134765418465657,2.6294016232863244,93.60729116903954,90.65525235554219,Rural,137.25337954062746,2
1032.2242564507064,32.43402270708662,69.67289697554585,70.28493104674793,2.2806760384457316,14.488232304019544,91.9811890717894,51.67015032887172,Coastal,345.1300806057382,0
989.6054180428829,38.786819727202634,71.58563633573135,17.75347076123,4.596230349805864,0.32135622536180647,91.57288731345733,54.55422074400258,Urban,359.8864214759851,0
432.14746494364005,14.638363545964694,28.928791191781926,50.60767545327384,8.515649660244025,7.268772808071,94.51874264412902,52.456344694592616,Urban,172.22080549440196,1
793.9856414307611,40.17050687954179,67.36982450114262,40.224254570275015,6.941333804607506,5.067180787936786,97.35545143376478,66.73717658996812,Desert,301.30249993732593,1
935.4999801810942,42.296501667968805,76.99063441299651,84.0401913826916,4.944319489771256,6.791938867560736,93.2098472240617,75.46444953399632,Coastal,303.0812815647564,0
699.6807304395161,27.047167158662756,53.37290161193065,15.90022704545119,,8.602902226813757,96.65959322280766,76.61738639773144,Desert,283.9932117723585,2
676.6855205204058,31.21885282128421,52.41141128660564,56.46111567887618,6.964275150167139,6.590278454389364,92.22264200936166,63.383337988472135,Rural,252.6361724172183,1
417.6670618104065,36.76834303160484,51.49655841696877,70.54976857999695,0.567444370702355,6.2812180694937645,89.07514185932835,95.5798443280137,Rural,152.01591608193317,0
283.7924910253093,16.11935195411444,24.632929430501918,51.37634906430309,1.4028634872165133,11.017578889658267,88.6458102328157,68.41313949359565,Desert,96.91198022481711,0
1007.494182157994,,60.33509923039961,21.405227262204125,10.634467779274633,10.319556498788323,88.53901089889861,52.27750779826763,Desert,306.2877315158885,0
1010.3762514469975,23.953205972030958,58.88234067182713,87.93460425209267,1.3956083745498438,12.515742102334134,91.99157649055553,65.01135557706932,Coastal,338.67505225148346,0
769.7913115459412,15.12308972567872,41.44882005287502,53.85078235320734,8.628241356420808,3.824388820468484,91.54099638377635,76.55547112720777,Desert,323.7749952687274,2
505.1268119438306,22.863704780203598,45.39657617092872,61.06396832392585,11.080438887254104,9.181974795335547,95.53833874803698,70.4110911294116,Desert,194.92207294233737,1
514.2886171513949,12.386030828492274,31.252052079512488,32.74573370306305,3.6128614494699076,8.819402302353522,95.79962576664109,63.69212595496296,Coastal,213.60213081105462,2
853.3601109832155,,38.015785626136115,51.262356383010285,4.7606515261844145,5.609093382003063,88.53396667275427,56.56616248821587,Coastal,334.81968030179473,1
1007.3992339573194,,48.860245300583095,47.18621189687414,7.042596167214238,7.342257374349946,90.32179426033466,90.95822500481148,Desert,405.33796981646344,2
998.3777818386055,43.70902890562108,80.69501786083109,20.61718815014878,10.639653150843724,4.775353935255358,90.87974942666844,99.80726210620959,Rural,353.5423764482245,0
901.8879912718614,,64.9764989965806,22.962026516060043,11.331914253494832,2.2134815244930794,93.7499258334995,66.4771066761941,Rural,323.9165174273151,0
777.828481538859,43.8037756403627,67.85580586974686,77.81043897140809,9.004977353279582,3.2856380388747195,89.51740985102298,69.0810522088302,Urban,247.84539301730962,0
275.72596849554395,25.13742574155462,31.02798586862057,32.98649641549427,1.4961272498289813,1.6721533313778965,89.4063828037,80.90187623384784,Rural,143.97362376318165,2
345.4658426851524,20.913564657984086,36.74679950270799,29.62187036239729,8.195272788650783,10.27773667033285,97.90978333668356,85.92207373677707,Desert,173.56833230893116,2
1008.6987696743713,27.714965199408542,63.798650492753346,52.86835884376045,5.218492801535613,9.944838157326357,96.44413052662671,69.60147674017956,Desert,370.2515967121954,1
745.7861536936309,25.382909102151856,49.748839017676204,72.65603485218847,5.913061494147208,14.264034936540105,89.89687647195728,95.24647584909076,Desert,253.39521163914742,0
208.27734645496668,13.698263949161037,22.057229247329744,19.645988893424093,1.0652064889695358,10.972208363343896,92.26896198300766,78.00019946144592,Urban,97.66651153734905,2
291.3243885794289,32.42892101415722,37.353779136403475,58.26059397286919,2.697214602483119,0.8754829974663585,91.73403099220444,72.51950382029655,Rural,120.56076603596144,2
797.1515921972502,17.561336387835986,45.46839312793407,23.940783213043,9.59090648663695,13.275253091541417,96.30554277768678,82.33363765799525,Urban,310.3599848584256,1
204.55542546159683,31.685578421424037,39.50066065826609,17.734578811921384,5.720526580050388,12.953859927891314,93.35723562302029,97.64019241245866,Rural,91.72367523624513,2
344.7272462757488,32.75703823393537,46.67103213266223,18.955796412166304,3.9691157787582116,6.70547277951321,89.34242223843141,89.72761472108527,Urban,135.58491113283452,1
693.8604104299275,15.320869859502684,37.578192319965076,77.5623081156331,4.916219350597019,8.829359452866031,95.75941666314056,52.00065652675622,Coastal,265.6857022797085,1
822.7056779234239,12.147236948873385,41.113309998999945,23.84793627210462,10.325594403245322,14.64356715384053,92.16732377136165,66.61549553699798,Coastal,301.5358037245722,1
786.7651335523404,37.32665551239539,63.01258593460814,18.386352330921895,9.113488700157005,8.031335021337677,90.76070460013754,73.52723424756114,Desert,284.0299244685608,0
401.8423785145038,26.093014831926205,40.66826559128247,47.84249153571842,3.631627067582452,13.589295242803738,91.94273553121756,65.72587861045527,Desert,156.32182857467063,1
840.9612992127823,12.035732842691653,39.67868567041298,78.29951039565185,1.851271162442293,1.337277491371778,93.22644391787242,85.00937804152284,Urban,360.1285687044442,2
413.52417874712006,44.82032110094185,58.47746567877061,34.68062823669764,3.3979795489068247,2.9466728437593748,91.6027129223786,91.31345749312905,Coastal,169.0527698882882,2
492.859728343341,12.022319634872833,27.280779337309312,46.62844631444373,11.088699187129437,6.6672486572756355,90.54001061221345,86.56725475926358,Coastal,201.90834366909644,2
871.8422646062218,34.326233010049364,66.14298475491445,17.99418994228134,7.188271635272186,8.81287644422584,92.1842713024418,99.46666434141376,Coastal,314.37229497064766,0
784.6696091424932,44.428762384219475,73.60910093752007,48.68088856011569,6.635022400565003,12.261794992755723,88.20131556287393,63.627382394651455,Desert,203.26869780669662,0
964.3010694447602,18.371303647557397,51.65259993820918,58.320981047785025,7.358526396463308,14.825105515633483,96.1112273840113,93.74947475122107,Coastal,360.70424189914587,1
791.851603070309,14.978727904051865,42.77001000143274,57.81802903141086,4.709325056084926,5.893887297464334,89.79492138245965,88.33113325872431,Coastal,319.5082247471846,2
711.4777430019244,14.248472879785012,36.25301105558528,39.932001913077386,9.781730733674397,0.8064929784872654,88.4609984431217,68.10893787790731,Coastal,282.57365139653695,1
284.30729104528325,20.614630164865844,29.966032055437182,38.66498854973516,6.517791866952873,12.03745539910034,94.86383627550333,86.70622718284844,Rural,112.93634811141996,1
530.9442227534902,13.536603385372635,32.0192419476613,22.99677142024484,1.8426008818411488,9.105272714333841,96.12632935264855,55.20379782091235,Coastal,207.80285362908222,1
438.6821309135529,34.22564695929462,54.82110772332892,42.509874048470124,1.984248935534224,3.058288597136205,96.54520588172485,89.46667411702762,Urban,191.0604601922655,2
419.59067904117524,12.180212934552195,24.641952649445003,22.46210016547235,6.673880184780111,7.47294400365916,93.1818464179363,76.61653012935513,Rural,186.14264453985243,2
1075.709499277201,27.82977448524264,68.40796143744956,72.49469585340387,11.270557507814651,11.160422658452493,90.15636593924485,64.61450863546266,Rural,363.6637672849001,0
553.7879522000844,44.88438988485419,66.26068575878877,87.47057233111394,4.046049399276285,11.579135627322792,95.74089061112318,82.788865089209,Rural,177.69071507812782,0
1002.841899659402,38.48895943271066,74.14969872977001,87.75558425000301,10.49972344188101,7.544314338781554,95.34698731012054,82.08099993572046,Desert,352.5772840948999,0
768.0247633975366,31.53268033808538,61.93078802538943,79.88033245315454,9.287099245657112,4.647696498920001,90.58584270808332,60.47431113597999,Desert,270.30022452774875,0
915.3301731874835,20.71887672753141,53.49964373430706,60.05941120047143,3.3498430934294285,14.608764472373553,97.48578143655932,51.51987074057631,Desert,331.74959066309464,0
652.3733837946729,31.836354270207348,55.44774109435676,67.56492729329099,0.9179186056367883,9.984102903251744,89.0959003098697,71.68112934508369,Desert,221.57449060962796,0
719.2134961637232,28.44645123690781,53.51268229660303,36.39043520103105,1.6712435491374014,6.18273903825985,98.31822651570891,78.47559346722106,Rural,286.8093271137098,1
643.2659244369775,24.912918436163004,49.874363556294476,62.30778151294655,8.877680239245562,4.278902040649321,97.03260201526338,93.83026391852992,Urban,278.74455689467715,2
375.71868901824007,14.574863185906981,29.917955769167154,49.17371620799081,2.796201987467437,10.993434446753076,95.2229357775303,96.41083978237972,Desert,137.07866413747013,0
850.2069037353548,41.03114753341633,69.53703458916134,51.151300483269935,4.769615585812028,3.708533339347139,97.85687382693824,76.44026090783832,Desert,343.98577033573383,2
452.6951261967702,25.742462708746288,38.94829773643571,71.83324202813685,6.269540409073886,2.6584788357079536,95.58426726739893,87.69017418842725,Desert,202.1159473752178,2
221.88436978830845,16.81178791372678,24.171779581526263,36.14387666979387,8.842883937176872,7.994524945534847,89.99979846881548,71.96516361639985,Urban,90.43390094803682,2
780.9250663164511,22.871577280705136,48.60387747298563,38.85297087708899,1.802159067479942,4.420812150397714,92.64263945018452,87.30410782864465,Urban,321.66938495858165,2
359.399611466344,24.494541338512448,36.94647859060378,84.34813433464775,5.1732136606908075,9.470686659361863,88.75078175548217,60.240076246958346,Rural,117.78068519101915,0
1046.412725917623,38.9638263448406,78.06314802132569,19.216822113822918,6.078338455140997,1.857286255626079,92.09140293402521,68.55323674017657,Rural,352.2861068483072,0
1058.5357193023287,35.67650331964907,71.81065018505701,51.42257238100053,6.719511235672706,9.858622458053091,95.7868317072407,81.71139994068074,Desert,372.2676142199999,0
1023.3779511984037,36.925671277446895,72.65825280676788,83.46006003058963,9.911147376044992,4.321118267165763,92.05765518477358,50.90789828035394,Desert,365.8606596408991,0
533.1428302299,10.386094255002652,29.162138782665945,60.77722558636177,2.4742992429969943,0.10361972307423971,91.46808884241541,86.12306551694769,Desert,233.65052834443145,2
213.91095487598068,24.565389936291652,33.74913512136155,55.98053056590991,9.790061696006157,1.9913472593452282,94.25123508635828,91.77677506340834,Coastal,99.67929702902013,2
1035.486706328953,26.84704530723633,58.595301360780475,33.73081344220164,8.4681019185115,14.010869129742902,97.1581475544884,69.95708305469758,Rural,371.04906019393434,0
585.365733485583,10.671729688806984,29.946129771271796,40.74566167983362,6.892514363288033,13.023584122818832,88.49962352173418,72.39712085885822,Coastal,228.5741855847208,1
1069.9893371393027,19.093462306076198,56.965656490510746,78.90363118535197,8.544570509629578,3.580774577339929,92.04743956434723,92.56411061082656,Urban,432.0601956033265,2
1067.2579793803275,36.610143809274724,76.36433100043992,56.94135988263436,5.238203997944049,11.69774137772782,89.66152778906026,88.78273176630168,Coastal,354.4465879365681,0
967.708509920624,14.798839700514968,47.6848326527244,53.60566453175849,2.0915722386334323,9.167716738292215,95.30121963268464,64.40747445166875,Desert,374.7305445078679,1
465.00400286262715,28.735854600840707,41.25788928894891,22.46847851550217,8.156300263051724,14.566480200603054,89.11010788452691,66.19880532807694,Desert,174.93908505231042,1
546.5879557417327,17.53206552060331,37.90206686349622,16.202111734134235,6.533731526884656,5.66672432705748,94.98048146509257,83.94391161952983,Coastal,237.67419584044987,2
966.0230043651712,10.424227112536265,42.964307487666,87.27638915152869,7.8528102062419185,10.253763126505852,91.00489914337803,78.15990462240806,Urban,373.7209234635465,1
485.2298046406499,18.44205101598395,33.045760860225975,43.27396254651312,4.386985981827635,1.0466822641163869,90.08862654424085,58.11147855482485,Desert,213.29305149269487,2
352.5434720174832,44.155581421851885,55.24591216303735,60.24097965746282,10.928965639408112,6.004085467564448,97.83170185716234,65.49649546145832,Urban,152.4732841290815,2
701.1211362125151,,62.22398796803097,20.978630489046374,7.2547534886191345,14.46088315170389,88.19450805583254,94.9991638439327,Rural,232.1132313139777,0
1042.5392967447028,43.585182551236166,78.86456860822435,66.23357142922849,1.482128569345049,8.130815029306795,92.59666135484048,84.40872183611317,Coastal,356.50011902712055,0
826.4268170074757,27.074891537422687,51.5886980184862,84.94250315294707,5.67274589310093,4.389404599689184,88.22708342084883,99.29871588427596,Urban,308.0793446117694,1
713.0550530804285,13.840766953712622,40.591826205301885,58.17489397480647,9.198094629551795,1.8920373506162422,93.07772700509545,88.35062649903847,Coastal,289.7268516801424,2
287.45884439369166,29.178582114079255,41.78939175041591,24.45864917815579,9.632547459921133,10.582572268704803,93.26099746684139,97.09872160717951,Urban,111.29860943487982,1
753.5065040292527,25.90320670959863,53.57897833330149,58.62911456051076,6.1878661067832255,9.708355047102929,91.37745594964484,60.80942869352377,Urban,270.21177313284096,0
1091.048465093837,39.55249789588656,75.46382283332122,72.47604098284893,10.789597064559963,5.671686832696242,89.38769866401275,88.57424374084628,Rural,346.46724080793297,0
326.07561371287164,13.432890327448561,24.442553739504035,45.4812402430514,3.578187027734422,14.26902614280093,91.952069146212,51.01087600738987,Desert,137.69224522217462,2
666.4966871273631,27.088439795762238,50.40278121476103,80.98783109561009,5.221885018240066,0.4308219135189697,95.05876086929194,83.5380010855767,Coastal,243.49527317238574,1
989.6357647351599,15.25170326428945,51.086543809143876,63.65122150180233,10.833864471543155,4.625485389314204,96.21515599076682,73.46411390601207,Desert,431.2282092094593,2
866.691755978784,21.3636574411521,53.034549877845706,82.44366887169019,10.806952239423158,13.823935345863763,93.5728813250755,67.33800359600343,Desert,330.2677018459228,1
827.3141668957412,35.80749770857299,63.295145952366944,61.76289834355029,8.385696841483831,4.881938030959661,94.19326114161743,93.12021761465445,Urban,310.60468808431557,1
832.2356755883983,26.66063452790683,55.95287428632789,24.846597900361814,10.378276291905532,3.858567224442039,90.10647189680886,92.71338463287654,Rural,314.6429191812879,1
523.5420360977796,23.156089980101925,42.39462205275469,38.226878332889186,1.5208925699966755,8.059884107975584,91.01696849889032,51.11508524493218,Coastal,201.28411522284966,1
464.232659838044,23.806669749951237,42.96645748857631,30.13462111893427,10.447442226389427,12.374646073816015,89.69990390554976,80.47525612247155,Desert,164.70540421772932,0
928.4250399306623,26.080636894209533,59.98452637143216,83.16198732876467,4.187128925327608,1.63688673708758,90.61760117504842,68.39161121604782,Desert,346.19610413137735,1
929.1020552112627,37.47557903429699,71.57226434144224,72.0300050465612,2.5508123929244877,14.151008573721468,90.36131119236808,70.78305007502246,Coastal,294.82246049014634,0
980.3650867220933,41.2229641129082,75.7033954040402,65.72987766825045,3.252753117933533,11.946585929599344,93.454212257108,91.60203696093879,Desert,328.1962212966893,0
1021.9164973008242,43.43671402763749,82.02470972357335,37.572473972371625,5.306637842159701,2.800628807718124,93.90823193580266,65.49198857638392,Desert,350.3516109373951,0
660.2081589748441,37.54161851893533,61.46842967497387,28.803357903766013,3.388708052951373,10.708918621852623,97.92194791862579,97.15244053188101,Urban,236.90334466636736,0
651.3646652184797,21.039241351180443,42.114828813480095,71.73383159916838,4.186527239189739,5.835884967299601,90.05349179456599,58.981691318607034,Desert,250.10443238933817,1
918.4656610700977,34.08471471302897,69.03775279073277,50.56184594093097,2.052252589823884,6.094190703337148,94.7375949566957,83.13612116840889,Coastal,336.6215829341102,1
784.9675376999886,25.316109341938716,54.18577970651638,31.934216411297186,3.906032803928483,11.77102237733911,96.581222324369,83.60525335068823,Urban,301.46783171887523,1
831.770189531933,18.91347177161179,47.13934036297248,61.24664836239563,7.081263867233013,14.44549363891291,93.88253536972205,62.60975807139591,Desert,303.04330218430005,0
916.2134024924909,39.430505279907294,70.53898843234599,18.0250389103839,5.581317643047235,1.9871725054231897,90.67753835126129,66.2375304483601,Urban,335.1091363436237,1
1001.0048076358097,11.344922213681375,46.973241571216235,39.46276905961901,4.487265754212979,6.367390529494409,90.75677741521,91.73992462899702,Urban,385.0411045464087,1
504.19564116638225,41.56166972473982,60.13488675609837,50.1417745943351,9.08419948185681,7.266029960456122,88.4121570572455,88.09026274774763,Urban,180.9247108636738,0
538.0246573759496,26.151711261865696,45.37715880128634,26.096875058205438,10.775364671023155,5.707046072629464,91.20716437875906,66.45479401573797,Coastal,223.18845745522785,2
284.5837458567821,32.302051688289815,42.885100140162955,88.84908581931296,9.203076063377566,5.511517943371753,95.81833862953549,76.69782734674669,Desert,117.00517120403231,2
720.4521268965566,33.07738727720239,61.693126467734636,30.68230234422107,4.31800807435331,0.8788031466677884,88.49893645067466,53.08401481265477,Rural,258.7604239299736,0
232.34804641706788,41.32912092472877,51.60438885379592,24.776484753244915,9.061084930131868,10.314525446383087,90.30260046630072,60.437294119931465,Urban,81.78539467059798,0
619.0382163192141,32.283438875852255,54.3310476295548,30.26511554151723,2.247772098451589,6.599594815088676,95.41544123458371,74.29102794301996,Desert,255.2772241169165,2
688.380171236819,31.487675466602163,57.46360262142579,72.67958498697932,1.9986568630498456,3.0024276593945087,96.2178414096402,54.29868676396058,Desert,264.5008949733596,1
457.88712691545595,12.33282141962415,26.29382305461003,46.912924445388214,4.4747109259158275,12.25889918430082,92.78084330565025,92.16661774459688,Desert,205.62783219510987,2
731.7499345121097,28.144280768082144,54.5513825758996,57.40619548144035,9.788577244006655,12.058155147459257,95.32978055402582,85.9003105053824,Desert,274.30464693955105,1
227.4502249451445,15.255915028596458,26.835285601142736,16.575686773977054,3.3330048432864716,7.347235258524518,92.07349777087637,97.18168353242474,Coastal,87.17052656954712,1
233.61336987429297,35.810181905251994,43.550558060067495,17.58234814299859,1.2274142023348151,4.546914851101632,89.67908907275334,84.67334529820135,Desert,99.84694577392773,2
940.3405045936925,27.927767228443606,59.14441703198467,48.43691623702621,2.0146596548730837,9.60758161436714,92.18056968199052,97.02006861310929,Desert,341.54224593499845,0
524.1715772701366,33.80797227229237,50.84979969956103,76.24914324012177,10.375567138090172,4.393466823083306,94.089662112133,77.72562778454825,Urban,215.343684666028,2
314.3544613866963,11.45855152108345,20.281691594933044,81.39291590306739,7.788507774593808,3.6165181618233095,97.95455945945535,80.01093055309846,Desert,113.14153305708278,0
670.0189340493239,12.967720561603112,34.84885943707405,21.502992569673015,3.4118133787547316,10.984668344992267,88.72188499693111,98.84855273131305,Urban,261.25863047276124,1
892.9941977887497,35.07131858219388,65.58509930762007,55.377232657576705,6.8859019912740855,0.7008460718421654,93.32763798537209,82.10645734321301,Urban,332.7787045951046,1
394.2389247471589,12.522951759953568,23.510180087746843,83.49222647094528,6.56716565789153,1.51205021841545,91.45365767121261,51.53932844303733,Desert,156.0086638188479,1
760.6014282371002,12.49398547178405,39.14627212798177,44.09795657984148,8.037513752067603,0.20114379295148768,93.3372727899053,86.19013883152616,Urban,320.27227129548345,2
276.8127184943912,,21.91679612809805,77.21743735712764,3.1816568758485877,2.3788534784838498,88.25174219745358,95.27343460687078,Urban,111.55919675801535,2
246.51354905174693,43.4775489404818,50.29001079699911,25.027174079957717,,1.127951129785846,91.2867662243666,89.77901248971634,Coastal,97.84737189390862,1
678.2191684113332,35.81279258106524,62.589031322745434,85.1545867250849,4.057738463920147,14.937455279920787,96.60861554903356,79.19166363127113,Desert,225.8812657685003,0
686.5716094490958,22.363799297572246,47.4153898053458,71.35674881484769,8.482514020726725,4.403268552315935,93.8163882054737,83.56517565467581,Coastal,280.9950214597477,2
773.6869113483859,20.378745345067934,49.51894841350956,85.60007945901762,0.6854334332804712,2.3240933887717845,92.73111617456924,99.50958946258359,Rural,331.48283459392326,2
853.4822003503954,22.239613041104732,50.795820945664296,65.74629251643799,4.785556993782693,3.6908442441391776,90.99801325301107,54.53310442546692,Urban,325.21879337281393,1
1078.2668715162813,37.11287359134137,76.56126454854444,42.25529489995702,4.544662906526296,14.048271015948007,91.12944648930923,83.36224143166197,Desert,352.967626157824,0
664.6703134710758,33.14797138746451,54.227564558161546,85.36358793935419,6.750070928704667,7.8503873230634955,92.02256505270114,64.1698847285297,Urban,257.48353690056456,1
490.6608256471214,16.48184487536138,35.43546877468364,35.667508223188385,1.3364670104377598,5.535789634987068,96.77349245462788,82.0045198293085,Coastal,227.88177509120544,2
915.6675752918333,16.093826736692954,48.48587055149419,39.91293915462994,9.586510797850245,13.113532722847369,98.15573867148682,80.38117879419694,Coastal,382.3119172918478,2
443.74902613586676,13.443847739968906,30.081566094693812,67.56063135013052,3.0044792203270383,5.985355031180584,92.60588150417894,57.6728416054081,Urban,177.48851798364433,2
595.0742786350725,33.110595189546835,51.587005730524666,72.39872246440396,8.285934871143118,5.091627692369667,92.1302048068515,60.33733228701196,Coastal,216.7340417878415,0
270.61074320803937,36.75304317776076,44.43427950548893,84.70526128868654,9.736939417307072,3.18850958599106,96.88878314610857,81.08147890216068,Rural,124.43649518586676,2
222.81566907391175,19.27662499137514,28.26962984546882,30.360180679215713,6.961584996777401,5.729172676250231,92.4825058666812,56.41149736518871,Urban,101.24614369912307,2
1066.3835732101325,10.733073636081949,46.15980268998818,74.8498526414418,9.020156877302833,4.818596904652197,93.79619080910433,63.25904375651614,Urban,432.4874557342525,2
952.3821084609853,12.876008361674957,47.13579474200769,70.39095400477225,8.111393590472563,10.191828993542302,90.42488747828682,91.76227738690012,Desert,381.3060682609819,2
826.3767854843281,43.87510121957607,70.06401309860706,19.78459171901984,4.588592667248087,4.414782299593834,95.80677662568029,66.35457530008193,Rural,301.90072475265043,1
568.0576499728429,20.34056721170971,41.91893338609255,44.041735590765526,9.801873198886002,8.700276221696166,93.58587734184322,74.40300781348314,Rural,230.1946311211158,2
355.96488806376124,36.92281017433467,46.91653462702929,36.207409279507395,3.8890657536835715,1.0817932589763934,96.4948627775236,97.05701675729202,Desert,141.79708517839535,1
340.79333840397743,31.86322490989923,44.895591629397494,37.83678182655228,7.068948554142447,2.950208434778064,96.19769366530103,61.35745444184732,Coastal,166.73627635517258,2
425.21860834813583,23.367887387851354,39.50180054732811,88.72101596660256,9.072074000127705,6.170338547009097,90.25755006683531,69.48130086790052,Desert,162.42457966607998,1
694.3039982355084,17.199054176844427,40.10615047822807,63.20830601099459,4.857992962843837,14.060543883239562,95.51417328085651,80.32288877717728,Urban,269.6443186584575,1
843.1363304300561,14.248524635579225,44.92234933480065,68.82571183451248,3.981827487600388,5.721054587163861,96.4005712834894,87.76694647519861,Urban,347.54684458976556,2
794.1776390459581,31.52545388136033,59.842555774635976,88.24632279862568,5.782479116987461,9.994704405877528,91.63412602821515,95.08266933563526,Desert,279.7733034950342,0
451.94050725134855,37.11218232232258,51.85241636373431,43.2901336843229,9.906580185015267,3.9007996140788324,89.81239568547389,95.77364937867576,Rural,165.12701957199522,1
1059.3787525968746,32.53664887393957,67.59779584667777,75.13801263396044,11.194100276175146,1.9928002820011528,88.02763763358567,88.83200371863114,Desert,367.58016062834514,0
864.1072250261917,28.56057466372054,54.8790761562921,47.589822247837155,6.768459247888737,0.9721953411927469,92.73448835747806,61.41654182966552,Urban,318.29440468551843,1
698.9186472602606,11.46829282010727,36.629745568815785,80.21502538612349,8.106861361221997,4.650661128286995,91.70054368115784,51.24046650212829,Coastal,270.0691525967637,1
750.548671610917,43.89710721580343,67.03670517946142,28.54931559834774,10.887646655747513,2.449149299273929,93.8265532551668,69.18869651778118,Desert,300.39547311416135,2
577.640056185011,37.95499670791011,58.36308707326811,86.07646327982097,1.6332887912488374,2.692755675440251,89.97443147218225,57.077442549391165,Desert,218.96877588310753,1
422.9578905510417,20.248771284533767,34.52540102165573,31.407878130815977,3.168903645460898,11.435313694965556,97.02648825049799,85.5193823719149,Desert,188.7024988287216,2
520.3754107861355,44.298961527559776,63.87038645595091,39.46653802356987,8.652350071893197,0.33598725707862587,90.70642976409515,83.05652934128584,Urban,207.95427126288484,1
882.0614994179322,31.065855637271273,61.33391711791917,71.71441755800853,9.973061311991446,8.411370873457972,90.37751085342032,52.19858208107274,Coastal,325.2683904760571,1
212.9541397667803,30.384793037253626,37.17929235639675,44.5316356174055,,5.753974570842625,93.04749759308574,91.82968895654756,Desert,67.6945411726904,0
304.4653764562246,36.182561280033624,48.30259086457807,60.6158532574835,5.2737325338317245,7.647594998637353,93.23793574931489,62.437163314559115,Desert,101.66750043119194,0
241.40237781957748,38.41194258315481,47.53114186500826,48.34301258020714,1.5274088763564686,8.486170534497584,90.25839490224348,71.61135377455211,Desert,80.27796393032756,0
236.65592208707312,32.9767512566026,41.892020444015714,70.67774528173364,5.534486988945629,4.769178647413445,90.85453763062212,83.39668677278712,Urban,88.8782293315817,1
969.9145256099065,14.483351122817002,49.368894698780785,32.12484392764581,3.1534477873811184,4.49712201674585,89.78190501113008,71.47093934261267,Urban,363.40779096368504,1
833.2920734420213,21.839362709807446,47.93344103386398,19.384349042765777,3.8487592324611777,11.027687555090095,95.54383187239326,72.06439013999717,Desert,316.57891106384216,1
626.7564461785927,42.482927411411744,65.93298038763646,37.494704810479966,9.381076903631318,13.082027123005242,96.08593482816786,53.28139976678702,Coastal,219.10065498433363,0
288.0507445859013,17.861546414534818,29.16826006306857,50.57314986513227,1.368561489297699,2.9694663236320658,92.85444922332246,70.07217746300019,Desert,124.4347885982668,2
642.4542876051491,23.025845834312967,43.4783796433402,27.601503914450895,10.017184001028074,1.5545195319737195,95.49791373819268,88.24239466099917,Rural,266.5890167850906,2
626.1245937025092,25.12269090304686,46.54889073528628,41.609796724229156,5.418194486977944,13.477157515241187,95.72732161534317,95.7588168593299,Rural,219.0513142425741,0
355.88168291901366,25.379174639305827,37.75641896621604,44.99872637201764,7.3547352076568435,5.31344240834624,89.451893040617,70.67485685316859,Urban,128.22059722829758,0
590.4664843141757,31.452885387308392,51.850218769501076,19.304388276620514,1.5310006592103085,8.314629120875932,98.14486926076263,71.17929134395393,Rural,228.23467231339794,1
558.6542609576361,43.00765432106476,63.2282733877191,58.74804361381534,4.379629401108716,5.457192853348052,96.62083544451252,85.1313553161826,Rural,211.88688672732866,1
754.2650882469948,18.424244914137674,47.68625656644486,81.32575709784656,1.5315605686707265,1.9744548115561646,90.14707634255615,97.13860005526382,Rural,287.55984588006777,1
771.5842857808794,14.252548170532133,43.42153162820857,26.380718471478932,11.55775281313276,8.881041509721149,89.95473287533373,63.35304701196801,Coastal,282.4884005381523,1
240.77360879484007,16.911467145097806,22.714105066054394,59.83560100511355,9.78350896725188,7.924598691367482,89.31944202858561,72.00721032689684,Desert,84.42082791275158,0
537.1513531638241,41.04237150732443,61.08680884867037,64.85544036831347,5.785776675099292,3.124604031948839,89.45297490669014,89.79866217761506,Desert,195.7810718352552,0
763.2739241428127,32.60337844293221,61.97583242700148,46.45010103144662,3.0714293057222175,6.83284876531894,95.85569888980132,80.48467846870193,Desert,275.86871343256377,0
652.8226327220789,20.006737623370604,43.62914681002177,67.58231905232024,11.2347337103733,11.974517809833124,92.93136969799205,55.52931719819774,Urban,233.81330609792454,0
970.8408570694901,38.55814286390161,74.7195337117057,45.8048657618259,4.462860850860175,8.897348936307582,96.2208088137686,81.38663677811329,Desert,325.997536025918,0
792.8242684570505,40.14794987272026,71.92134016011856,52.84779659830762,2.3513209644048096,1.5440681732982233,95.83567639067715,59.337314229866344,Desert,289.16364831849086,0
346.64098437328676,39.628001854159734,53.807855399438736,15.551478341582023,6.976390467220481,8.265520308714112,94.34843349180483,75.5107967039202,Coastal,121.57677606082976,0
263.51187266038687,42.162428677384405,51.88396141178141,66.87900856010165,11.353402383965385,10.570800659414845,95.20684936907614,76.45516338302193,Desert,111.3528662240883,2
778.177350385684,18.828435706067655,48.154819917736106,64.60070092085434,0.5440483407537096,11.911280746133196,88.19273510598099,93.81016811124924,Coastal,286.35363297893895,1
223.86017948745962,36.426467506119735,44.55134945437461,17.880065799475844,3.2384356974209854,9.473851921650574,91.27366529145273,73.12471370062191,Rural,84.09301089187194,1
727.198023146117,26.1188824045949,51.618619301278905,42.61875805463498,11.292147864719688,2.3746066516576776,94.69713288222381,63.972121111794706,Urban,280.1032786432688,1
1046.207217282462,39.46994935115215,75.38437348461085,88.42738805937505,2.4674886188573635,10.681581672193394,88.09812201160557,61.54831741080158,Urban,329.5888654187057,0
717.9267600882911,35.49717370065646,63.751437021410865,46.55524219264626,1.8022996938579283,10.192393506614593,88.34625790866723,93.7125938342168,Coastal,253.62970562735165,0
549.3529335858698,37.17566062749036,54.7661559711118,52.64590538488813,7.057152981697751,0.46396055581543505,96.94482381593903,58.55054272091142,Coastal,224.46048882298078,2
778.9593965981179,32.965664318837504,63.293978649127865,83.24476186197889,10.411203967890543,6.235040247094623,95.18226104776676,71.29342804415718,Desert,308.7130475199783,1
612.4276014423649,16.21000693143974,38.64470122940325,68.79464068993173,5.986762903480151,5.060958679739362,90.78638219776361,59.35865574634735,Rural,247.12280229536054,2
691.0551103843414,29.07594216139284,50.46425867524091,58.655259834316766,11.937488951872034,10.074239757379287,95.22360982124644,88.66520200571877,Desert,280.4089686772024,2
1047.3183278988727,44.463440883357784,81.85488094580118,74.83535110058044,8.310474544686919,3.320423603432719,96.32079502596227,73.71863199873096,Desert,369.43865968351747,0
547.4923740206968,42.808582327399165,57.77076240282031,79.82746998419799,1.351861432920149,8.903991652316451,91.22133997265607,67.5571845278406,Urban,203.54314654591045,1
1065.071507441523,11.511080752895408,50.03959954701079,49.26660538029501,,13.706768831031168,88.37839246374146,68.05498203132333,Desert,358.351641712129,0
1014.8155777604574,15.768518550530299,53.057526738124295,50.63312736988765,5.19078372297219,11.987255345908254,97.79418080922122,92.61071033614897,Coastal,392.0446871066801,1
376.2120213103668,14.610507070909666,26.593215905468398,43.953820173887685,3.805129139223049,13.829720269626302,91.62438830210412,77.68869771472191,Desert,154.30713078335734,2
262.4251707876489,35.409296849485344,44.841273218964226,87.50296050138454,6.915610611145684,14.67973890729708,89.11805851448942,85.89339255656319,Desert,98.64830744288827,1
290.700201239684,38.62248654499308,52.705308455882594,67.28746907177629,3.9995373059399397,0.2589848923918252,93.16449714962805,94.85192581253423,Desert,124.5267579436842,2
216.39964308639475,17.472897820873516,24.03539192037346,21.241729965605423,1.4942613318817517,9.378845018024416,96.06891185447341,95.08708380203211,Desert,109.07147468397571,2
284.99866468033554,27.704844253314015,35.56198234301256,79.72197174847638,0.5164259454105322,6.251307026607706,90.32729680348437,66.42545271689316,Urban,96.0184189333626,0
814.7060960747211,39.424605980392,70.90264614793244,51.0419955627201,5.670208558583017,12.911831905993314,90.82964552640031,97.62256315731926,Rural,260.37536965751724,0
264.0697836142061,35.64805406681877,48.815670874377574,20.15654298168656,10.123929355605812,3.8520390599360623,90.54850736138512,51.24379410073027,Coastal,102.28077111848259,1
487.0780672643852,28.97830219221469,46.03342589016387,56.22879413724833,7.08162463474588,14.717339387814635,98.41256705473262,68.84177805080829,Rural,180.65902907253326,1
960.3877798725091,30.66216916605705,66.29866753241159,46.28732092317766,11.99088393784957,9.244248746201835,90.0727392041707,94.78994287544208,Desert,373.77207337353957,1
220.94474216224327,27.7926191420698,38.20863694881008,80.83120536469687,3.7987364249427995,11.923707293209581,94.0429622781443,63.73184399084914,Desert,92.47513226459473,2
933.0216343300422,20.414195796158722,51.584984532633435,30.299595270704053,3.7252332447406364,1.3754333370592482,97.71527873739812,63.654072516065916,Desert,385.25528833982355,2
453.66929729605994,29.775769750065564,44.68358348469193,76.98484571191372,2.3371187926903585,2.8335224829070893,89.54241397321668,65.13111425409443,Urban,169.61322174146622,1
306.3483448594906,34.110985571753176,47.29492666814482,56.82665183890895,2.3867312650513544,11.400214728209628,98.19396907761086,80.61566924234612,Coastal,116.93066880203342,1
827.0634488277356,40.56630205512827,72.88355132151602,19.09577274101018,3.7796458541155498,0.42759917838592176,97.94851096115406,71.91663878071769,Urban,315.3326804350095,1
766.0485621018956,32.27019738927368,60.20765878318874,87.88839759941135,9.617660520645561,12.271481989817364,97.28800586411175,86.33674181766713,Urban,287.84377475055567,1
989.7248121743477,36.63925379651053,69.51999351560859,53.446143307739995,10.91620309231915,0.30784037850948065,90.25284347396503,94.7455321282333,Coastal,355.44191399445765,0
861.5639394234972,15.602507223410054,49.73136732663134,36.81576406736869,11.713502451638334,9.891070702012973,94.65757808811533,83.70996874714302,Urban,330.55884493336924,1
923.1328373463638,26.154511604692647,57.40221911619145,50.20551314919436,3.1713310221092055,5.5398994114539075,95.98936046609302,60.22333600987878,Rural,369.6803433333961,2
453.8311153141758,10.326606693948266,25.540420167601514,79.33933376381168,10.634921774562054,9.211273305516066,98.3532932460625,96.6340951180251,Desert,222.56256175107825,2
359.69558940175057,18.633760258256807,31.90778155629732,37.86773432887976,4.2749335266893755,10.470867964137794,89.89445013185438,63.224643667373925,Coastal,142.34408656782932,1
875.5532764767725,35.42616002895517,69.17884554707176,29.450729736502524,1.7976662619441708,5.202880765875932,96.04327194495261,57.49471476640791,Urban,301.1986980213979,0
926.1512653405376,44.71334829722772,78.83659453725099,24.68034351981611,10.505286643481904,1.7086404768514498,91.55741228423469,54.49836394304805,Urban,318.3522471399326,0
1091.454627800606,13.471233485552556,52.501876459297584,37.339454879265844,7.815214798401613,1.1377234294491583,89.84407788846403,78.16918703330828,Desert,438.7295632388302,2
571.3559092202838,24.052301055145087,44.976334938091235,73.50360652800326,2.39440530493221,8.875146736181962,92.42445788274547,55.68812312403259,Coastal,232.70406080817432,2
534.8162772135049,38.00248390447058,56.80808294423019,50.37197738964463,5.443059461399529,7.857764770638262,96.33527707756048,56.93879420563154,Coastal,210.7585686576006,1
898.7716646677972,17.14124721201146,49.71453450442137,32.0611202770155,3.803463491086278,11.158795035904875,92.88092293889255,65.00152402977483,Coastal,349.26021625066556,1
506.72318622771604,29.42797322558002,42.104164588161474,27.46387497073119,8.973137540167265,7.695059099058663,93.643992552132,64.0826504842232,Desert,200.83065845625765,1
1037.6815930432083,35.65749536103861,71.38313619941131,39.954710738278436,5.714286652179083,6.394442271460099,98.44917380710127,80.21197551660711,Rural,394.03667539877813,1
972.5714766587106,31.559490759106268,66.0821363119947,85.49432796642816,11.876719368723426,6.031498955719839,92.19064764535297,90.83726397363407,Urban,344.3821185289453,0
586.0946246375165,16.580865711539566,34.79214940661363,40.72700344425183,1.129567295985344,0.4940588487052453,94.46170792444701,88.06748281014461,Coastal,263.07900453593595,2
875.7839610123476,22.43845990400088,53.86354517505617,89.10930569659766,4.582675560566837,5.099802305280191,91.8350641169614,63.124222735823835,Urban,344.05693182016773,1
879.0885866762142,37.4327124569889,67.79187054868416,51.39228418240171,6.04185192176474,14.642700347114964,92.1242492864514,62.265524899298995,Rural,280.6176894148742,0
292.81148195233936,29.39792799462058,43.157281259583435,28.437293871761316,6.286035879605677,13.115978085783622,95.30422791117678,98.28957650534838,Desert,106.1105031249013,0
1012.29761601161,10.183036474001947,48.759492484838006,81.83550688451321,4.133261957434823,5.007733198809843,97.84781324899627,50.41181207959801,Desert,409.72340664636755,2
654.7271352030714,36.63467660098328,58.61851519485446,49.526652985112015,8.886262864622033,8.858151535488945,93.69476898016937,93.98602665301078,Coastal,242.79119429737898,1
943.8117194969675,11.235897422908367,43.96763218216884,68.22535076283933,,12.72472150847886,96.06819925396219,59.98642595612025,Urban,371.48328359815923,1
488.0446409275506,36.100682395593125,53.03434969684061,88.77836874068637,11.295271972745425,6.674987617576023,88.93666886757812,97.36421615448839,Desert,176.18375711985456,0
1005.9709056465804,17.086819605783308,51.39248235109438,18.763151273998048,9.758573833194552,0.3675721698772493,90.21715939303523,67.11536424137599,Rural,409.41696105628847,2
550.2815108607467,43.53257180417831,63.1824746523607,22.252091984067533,10.281672269025893,1.2102058810977372,93.2723822296551,72.0175886946626,Coastal,192.53261678581404,0
209.75388633226854,22.877926295572955,28.702748179427175,69.03425560970672,6.831270957129949,7.7048515480957285,88.21012309810213,85.35603069721904,Coastal,99.33398825404042,2
1014.8437787773373,21.44260657183277,54.70090815916453,36.136875247160404,9.997714603908367,14.544646697570588,90.65497727700686,79.38345257366302,Desert,344.8040424998953,0
282.15800910752023,15.211081761635564,26.33203452819931,28.82260477125743,3.9902949552014504,10.428822179061129,93.43271354316215,65.89696648534114,Desert,94.99499334185485,0
487.38227383137337,20.69614754215752,39.01358629469921,17.952140986479712,5.0825057642559655,1.1566512524346861,88.15709258169116,77.69154579339117,Urban,197.96065585482367,2
1055.0557703457243,40.68277666398702,76.00109710676739,16.638503398965135,4.14449965891326,2.9214770492987556,90.77773600537344,86.5353442181443,Rural,362.18132203102147,0
1055.5464322438006,44.87170181695365,83.60653780701188,73.08642023398431,5.874954357651142,11.592714833931065,93.39732360449663,52.116747295124604,Coastal,314.48987002680633,0
716.0940993109575,22.89083356773969,46.69097158529254,25.08250705271625,3.7841655867443182,12.637452423348046,94.01806710380308,50.559965262785205,Rural,244.26796665421142,0
768.6534909528193,25.70137208340899,53.11057474283363,50.07904619783632,11.558531585926138,9.303649334210004,97.7203927770807,72.90334695364456,Rural,300.840002192179,1
603.6009697804877,35.272482837095794,58.03920480463778,60.44226113846123,4.097713222065184,9.701905227484268,94.77612904413138,56.59183089017571,Coastal,231.50698219178298,1
463.8896945282581,41.01685231627761,57.18576649535921,47.12638504266347,1.6275121882758081,0.5222280107124312,92.35472592656494,83.21721457323572,Urban,188.30991814177648,2
495.79809083292434,30.756551696537446,49.01896669997207,17.032998925217484,6.558397409579754,12.445100867764477,97.76868735989721,60.70262281137171,Coastal,191.41935420445003,1
805.2666104693345,23.703399436224025,50.85487151487559,73.76261269409316,1.156639402119528,11.845300601745361,96.24127132557184,71.64255533978354,Coastal,313.05089615324096,1
877.137076493912,24.44176442970183,54.74862894013256,15.788491840624012,1.771246412548676,3.959623647139873,90.10009367168385,59.88354684371345,Desert,322.44824217351004,1
912.4211393532637,34.34663512738824,65.8696561429918,72.1417420783113,3.0229779757568322,10.659283127486054,89.37384479416261,77.42417928745623,Urban,289.0391870194868,0
910.6563285150985,10.112639226149755,40.49245403109773,81.99783703410921,5.84002787364463,3.3013336357324716,95.0960221752987,55.802672969228446,Desert,359.8463996058172,1
282.0854927438213,31.685626811094423,41.20507073089661,47.462994079287924,5.482385721553821,0.7009193996675436,93.87877323855832,51.15534263937401,Rural,114.12083151174822,2
644.9782742323233,22.442255365447508,41.91925836585133,55.165685482334865,9.696456413032099,3.0969344845966216,96.29157294482394,52.55658190533486,Rural,266.27706418942387,2
251.80288401497984,37.796906594697944,45.62770004093803,50.773754446324034,9.003958519667304,2.761570263639063,95.75745302582621,97.7129220757655,Desert,117.42861300255063,2
694.575994091362,13.254672393809626,36.995081200267954,44.19064639675791,5.4026603808930656,5.1324451513492235,94.5647211055039,57.11431093054679,Desert,295.71654378828026,2
597.3774512360393,30.58707934319367,50.982930631464285,81.55684015277701,4.337598387119744,6.3348975079143255,98.35701280210337,85.42391265684176,Coastal,253.16717491861885,2
998.9337644824698,26.834051146014332,61.313738011159224,82.04501330024928,4.139391016707234,7.677229483315848,93.60269216615929,53.39631021114131,Coastal,354.77733760131105,0
515.8235112968708,32.481393406682955,50.41168790235318,40.18622734811509,9.400943503881104,7.203632745074089,89.18761044326806,55.40801761175911,Desert,169.6685731167442,0
305.3603147848453,12.269875806903892,23.916369860545604,61.13023155110235,1.098832671544602,4.133051628882812,96.69687243056788,75.44381257046673,Coastal,143.72377121733618,2
328.6925138475523,30.299432559984595,43.55270469291397,84.51806716093981,0.6474489693719669,0.5346429617537095,90.64446030462994,73.24354650771718,Desert,139.01957804056397,2
885.359568545725,29.65196057858333,59.34001502398718,87.15438742060137,9.648760507156453,9.116014171333545,96.16167255551115,97.57901547199347,Desert,311.485140545518,0
756.396256984635,29.623103304565984,53.69057058824992,53.171928031653565,5.987183323874067,5.99659796472558,98.04962450800053,97.24177265103687,Desert,300.8686689076064,1
291.01040851051124,31.12206833087592,39.2233438042576,48.96186039632451,2.0051330933661236,4.550215145074491,95.31635289662559,88.98043212712325,Desert,115.88445162800281,1
275.6961255034977,33.67637780292267,42.35133635315523,35.902073694639434,3.2090082478367643,13.017421538174634,94.25831668997292,80.10509150636749,Urban,108.33668583347848,1
830.872218313208,38.174614988826946,66.55129999415621,86.91539048928075,11.223795460619899,11.226475286192581,92.83405484458793,72.74801586965054,Rural,276.4555875679082,0
265.48670572777417,19.4437252044875,27.195767772564682,25.711072835465053,10.384284219686327,12.880706670749388,91.82630359295173,67.80892671642106,Coastal,105.15149962898212,1
939.6740533613206,38.87672935630217,69.17308789544862,58.487218203579374,8.662528077575685,7.475243641215669,91.70654988520428,97.35437734877777,Coastal,329.92177045729306,0
835.6180044408466,27.438948879220877,55.773337379702134,36.19127006389792,6.045590148879255,2.0508756566889845,94.6819134099507,80.14544057123427,Desert,330.51545299264194,1
273.2139025777098,12.69703976970159,22.622379600149376,35.925621776084746,6.483721701200936,10.473699398206959,95.88836772784633,78.95362638429972,Coastal,109.34168700322388,2
276.3539426766727,12.049282523539272,22.911729448893947,45.37264405321413,11.715312155765524,3.1704993210639114,95.12442922958635,61.595056088445745,Desert,115.1017493622309,2
1087.9756206510579,21.698341154362126,58.66264177093252,89.90947018617409,11.606360104669301,6.67432206946658,90.08330606253242,52.33489089425565,Urban,369.5579673384184,0
536.8437161805083,37.471394198901365,55.43492862093229,19.122473012986653,2.9755940265370944,1.0685117553384387,93.18686539150666,97.25942898797723,Rural,219.92036483361227,2
533.5779323602019,34.76883271593205,51.5906637308445,58.39063636526486,9.82770251251116,12.397095196102438,96.31222075792216,65.68676294223269,Desert,207.87163201676887,1
931.5196105317523,37.601523763534225,70.141831791396,21.19291185264579,2.768290660920693,1.9765155516077588,92.99489282098509,72.12945116622294,Urban,328.4886321657016,0
1052.5237196454727,28.104416975456328,63.245889894666256,26.589062249288922,2.955680995665441,13.556152855034714,93.63454443722269,55.731997179285344,Desert,376.63152460612366,0
1087.4009574405839,25.40696492844217,64.61225406534501,47.967220632967404,8.275069892892633,12.977035973697202,96.09692850579363,91.8462164954646,Coastal,389.77939499712886,0
878.0403667330474,15.160838434719938,42.32051828650838,53.2845098509831,5.157512633756807,7.022283190144766,94.94328571578346,51.38159164279653,Desert,367.06120501398885,2
538.6336269778242,21.486746376325904,39.619663975644826,34.409430627339304,11.212760681724982,11.19108624412946,92.29812166926513,91.69953810495483,Coastal,204.56460112886577,1
275.1506450288019,25.190677816085632,35.42316507047718,38.73428481558121,1.5236119513041015,9.329731599890485,97.4018334675393,57.01425063939834,Desert,89.75602122066852,0
899.4322243346932,13.101015038786603,44.94881192314588,21.52252651919498,6.38254486930917,12.065827070832398,89.70695422096652,94.32820563155761,Coastal,340.2191149817341,1
702.5638247622246,17.721418344892392,47.697219539531254,37.74148378831879,11.062997600095894,6.533896001710089,98.45292271019841,86.48863186680788,Coastal,296.59415559019175,2
581.7998083222786,30.93788529223086,52.00047863264643,87.49188295354081,10.897307095514309,11.808546415240816,89.2479520740005,58.233513125365256,Desert,202.51535626753946,0
1015.7189465852624,35.748208998371645,69.29026293517181,85.85305362543613,2.300085954281024,6.990606574270704,88.1569746965945,78.2908996429734,Urban,332.42423982857514,0
300.0777340755362,,55.253955097218864,40.115871760273876,4.7163335511092495,14.120390238857627,97.34519846206203,65.63281571776098,Rural,110.47475430003749,1
643.3625938617732,42.658966597024516,61.624164715253684,57.81404522090712,7.619896100537007,7.346944302294699,90.57201183784254,58.91165494557917,Coastal,218.5213373966137,0
210.21828029067717,32.4897819837317,39.686222295311886,83.21965433332083,2.3330411748711253,6.99302715181257,95.66184608819057,92.95910997055542,Desert,85.00082438284305,2
621.7945777947136,24.743681865292523,44.84037997410599,15.463786698067251,11.632254978525996,11.79757073729634,96.51566143678673,70.17613832536148,Desert,254.1742250419795,2
250.6729481136536,32.26620776478815,42.87054149988634,75.80126777531939,11.019617280368093,12.341507607236485,97.01935710583723,69.92718571826913,Rural,101.52811100902812,2
306.9361246412647,37.49780663280812,47.14149044606131,86.12771645916892,2.4199270588963957,8.361887803385445,98.41173947447375,58.494333740331,Coastal,130.68560507841562,2
305.7736220993944,14.141766682318556,24.61031162420687,21.84943007501678,1.8932878045013324,2.7789874210766237,91.08741695542,69.15328380428893,Coastal,128.6071840013107,2
784.2892719044572,24.346671139370088,50.52567997321729,27.108576452469077,1.4821975522950508,7.069597641267935,95.45755509023623,93.5808423164425,Desert,310.66511664279824,1
871.440391338881,39.3930799972466,73.3711963978141,87.05597270785165,10.958602136421257,14.524280293354208,89.2116985119487,68.1564355244818,Coastal,256.8061704308667,0
725.0318885874436,23.434153317656538,48.167783885981244,55.31551077302597,2.726673812647799,11.319494276283859,92.27149755924692,97.5801781249894,Desert,272.1746418217947,1
1065.9552936270877,30.01552949295153,70.989078856858,16.064747585379276,5.2872766782600795,12.18632279779907,96.9037027797822,97.31544496041937,Rural,341.71104851537166,0
537.3835215713336,30.571927630176937,51.00865440941015,34.32239990726468,5.661790704998035,0.5890999324066779,91.86040948362064,57.2449329653673,Rural,202.46042901030273,1
457.14087765367464,16.45666885967738,33.420733032226764,48.74577557016447,7.388627008456027,7.071105993248982,94.20650149562395,58.86556267613224,Desert,187.37750122607875,2
981.7392153705142,22.678240457830093,57.77657929043313,66.96816832685758,1.324956453095387,9.734654891497575,93.28962115910866,93.13370351659447,Coastal,372.0740316036399,1
401.2362546675074,21.707895105967623,36.53875861576289,69.98702836025997,3.1077241001059335,12.467486986058313,94.78249107667648,69.63804594623596,Desert,156.11670277402158,1
1066.9002854965502,10.916884798622268,44.40304963231031,89.65661346940921,11.21213944956765,0.834177438383295,98.2153910885708,50.21869911415047,Coastal,458.2331754709247,2
210.9390272208347,10.846711736197433,17.671810900625132,36.56333995378193,10.94671623358855,12.80133939606391,88.58522302826472,63.69359098526855,Rural,55.21249408162127,0
1072.8909440368752,39.10939652865207,78.35089551231135,55.366507640135644,9.48484244516546,8.271173957454485,94.02659593376711,79.881449659778,Coastal,362.7753844125794,0
238.8439207555185,19.557478349048434,27.81922120854337,54.999266089470375,0.7231143246094776,3.039978161583293,97.06180218212799,89.96329829799839,Desert,89.9189380917312,1
1002.028802328264,28.13275681835854,60.39338520624063,45.423394458542816,,4.82710272510053,93.05451847335848,56.66943085466298,Desert,353.0634428912706,0
674.9309981776698,20.455395075607058,43.97317111067056,27.687142038181513,7.72152545644344,4.300750321098255,88.82453545238651,55.52706822083677,Rural,252.8584990032329,1
1093.6683165073703,42.92377357903692,84.61037568930585,88.30924223878819,3.6646874353949705,8.00979961089829,93.8856632003761,96.10463267861658,Urban,379.87893106288385,0
266.41690826185896,19.075386560302082,30.893761780536586,78.99878899999396,10.960246993118439,0.8701166306758641,91.48677585365012,87.55741839112913,Coastal,120.22816604542413,2
698.4688559611886,25.03798844586273,49.36039038577227,52.37497712206779,7.789728811073082,2.4621887616488607,89.62688874604832,79.48898003890392,Desert,269.99136831261404,1
1072.372282057189,40.545558766961065,79.98148719307886,60.243406701302234,1.3269272491391244,12.209126346299158,96.91486238947647,88.4593394997964,Desert,363.4561185865247,0
670.7880597531339,39.467674837713304,62.212242888336895,32.04457901697467,,2.0757994621274847,93.47679488640678,71.44271806533192,Rural,245.01964608779144,1
766.4587743217363,16.513549624619706,39.93186355222704,55.784030279381014,11.514316569026558,3.577604414926092,97.7994023299802,87.92278736545633,Coastal,330.0177091056017,2
826.1738200861555,38.09251584284986,65.1596675696062,67.12275998411069,1.393692811504843,6.855222023501944,96.46317329833222,68.59014956372678,Coastal,311.31818772054226,1
609.0869582909959,26.036541035826243,50.480362113027496,53.63752712899416,6.622142700905122,7.805101232888624,95.2762038346235,62.20472862463012,Coastal,218.76133243032922,0
764.8022720756571,26.90391052298743,53.124003881976826,89.27138779387059,3.98868924546296,11.477796146250963,88.05276778533577,86.45067106464843,Urban,276.16754926735643,0
725.8828807307902,14.671799034558031,39.59093190138566,60.85062421857946,5.017649379536127,6.765253157326198,92.49214629470163,70.98361460786342,Desert,285.58725866023144,1
1011.0422094418901,,47.60785391941576,42.82302844441268,2.565989006486432,11.868982853429527,90.07360595734635,99.06885521630974,Desert,386.4009047355879,1
240.90174230731208,35.477875744081786,47.717709903983724,72.91140207118787,7.147829173142744,9.313359974977317,97.56337806601312,67.47425911540505,Coastal,107.45811669332261,2
452.8668706330073,27.37614033243549,46.478398635314875,27.784688368623154,11.516762562362242,1.7851861174149546,89.83313183910178,96.0863710265533,Urban,161.10454558056855,0
1055.370335668903,25.289774591531284,66.66529680683917,43.838686027969985,6.285334903123504,2.429338432053295,91.0036305424225,96.64812742835397,Urban,381.42970118986256,0
1001.2374055018247,35.53278800283388,70.25800677459765,41.02192127831894,1.4535176860365333,6.611802509201585,93.42678606121224,62.09264735323731,Rural,338.78131104532014,0
610.0910775071416,36.79295146468884,58.73738815493299,47.385532133083295,7.630015334990197,6.013651957026689,90.76531799947983,89.91105907940067,Coastal,203.4664187897962,0
758.1193380213831,15.561785868427375,39.062677600334204,73.63348694465446,4.412564436189456,11.17880961759569,90.20357911143077,71.65372525722826,Desert,274.49277718172647,0
449.6430646830194,31.357880231717445,50.049256347859675,51.312977412255556,10.343139680299926,8.752983382980542,94.2905429135789,95.8762363615174,Rural,206.15509674640032,2
369.30904375138516,14.737392879718993,25.327650308481605,74.55108376994721,5.498798705639407,5.883182906933515,88.93375998892775,72.50621363176194,Coastal,159.10796354775488,2
617.328564445984,36.2981280110166,58.3381788941513,58.236667735489945,2.7176555028358247,2.644328223410746,88.61076146656971,87.2151858668683,Urban,250.7152543820643,2
518.0170052234475,32.99343046934988,48.929420596904855,40.655207599316654,2.697714660948167,3.479872824649878,91.90857559945375,73.34837045818989,Urban,212.84200833985338,2
725.2905006657849,43.48151173792103,67.68894560774612,75.74840577626043,9.340788078293345,8.674965175188978,95.56697677233255,61.39003778564281,Coastal,248.79944375116798,0
269.96117326848633,12.413530572474741,20.187646774772364,32.871725291481866,3.5542573805346387,6.409238193006908,93.82547096187645,59.967506447234314,Desert,110.7564772503829,2
1076.9553268995498,11.996915240293902,48.47460116042651,31.82872348498466,9.323184032831064,7.772419882024014,92.44020291890118,71.27155971281728,Urban,418.2565674482883,1
1087.5896700316425,19.876547614262005,56.86394065907154,52.83771930411268,2.8677040738158928,2.643093786003282,93.94039142435811,87.77473285071075,Rural,433.6692980747681,1
828.3455426177707,19.15969893075671,47.05525533252853,34.563693447156666,4.199393240065058,9.97730315993403,91.83724058885937,80.25357425903834,Coastal,306.8926172083493,1
682.4867297097084,18.644257967519994,44.19796133092041,15.681527621341225,5.853100183056543,12.802827238753908,97.82953652203719,84.43146449502717,Coastal,256.0460833283855,1
478.57485465769497,41.71891031823628,56.25930464513057,63.62231454741011,11.346752271474683,3.943298651124819,88.57650135456313,64.11631753659712,Desert,212.12375140748918,2
932.4155177362538,18.734116994732716,51.80974296952934,53.33203661042985,11.214911384668984,7.4235619648942155,95.07061052981327,74.07176729788027,Desert,360.98301949568486,1
816.2580552984914,19.518240414502085,50.5231906545604,48.41383608698709,2.8790265673563096,14.635357202411436,97.35846798069139,52.21976324846635,Desert,298.7167089437539,1
346.3552454104022,36.57893918462873,47.67498004496602,87.52263859637365,4.619518974295337,5.065301934205841,96.44078944172016,90.87662079790604,Desert,145.26769402956376,2
1019.8344660444582,25.740894485768898,59.99926301582973,57.83993879721853,2.218092967218382,8.96619053936404,89.9324308656252,99.49460811199373,Rural,363.47640063737555,0
940.2835186308521,37.18486949343134,69.63374339515067,79.75736833420383,6.364828412105217,1.443915932983641,91.10722666429302,70.34395313123355,Urban,336.99411308595177,0
1054.8199219627318,12.287815514753483,51.56596320017052,25.45876771538701,5.796699332988665,9.129623536943702,95.5290033564246,50.54818265657717,Urban,413.4410177190033,1
853.147557549524,27.06499177856845,57.31337155470851,57.69048473470708,10.858741868183422,1.435513422238807,88.88484087139804,58.48963197754737,Coastal,309.82232278877535,0
752.0736763422109,11.176476006414893,36.43662608917708,80.09847200481772,11.195061844597335,14.392607986324949,96.52454784824214,82.62634388752093,Desert,289.88211528213276,1
576.418732661557,12.19286212093741,33.33527106646799,58.73293179599235,4.911024996583859,10.76337351587744,95.5485229183503,80.60396591019295,Rural,237.6097035180516,2
1039.455635018612,41.72531086705438,75.90167379303296,68.85106335952511,6.154986344718378,11.843580843222025,95.6608698169711,89.3932359792772,Coastal,350.981991816638,0
979.4575005503675,14.87358798911583,50.51731952926459,42.90326758591556,10.80671686518053,10.591154975497389,89.05253438780971,62.69420054805341,Desert,363.62875285805086,1
240.69680309557046,28.6347238796326,37.8763266033811,21.933713777779996,9.777139789068206,8.88696263753934,95.53648572057043,88.1815957773567,Coastal,114.31577502162546,2
223.7302770475268,24.38834609102473,31.603288845410404,49.342522134530356,0.5420475804634667,6.80370043817403,95.13809031480969,84.39920107618349,Rural,97.65608390606316,2
538.8170301902446,22.157016419059495,39.3384408788236,44.58595431291431,4.180684988111199,12.88976335843983,96.72468615362943,66.14072488569217,Rural,198.98032609612744,1
929.4979977036496,41.494167099054536,72.25323517411536,80.02951367842105,5.350403782265448,14.356851446391639,88.43675754069292,77.2744074028481,Desert,276.15962609532437,0
1088.54851638345,10.763818887142133,49.93265163325471,33.29964767643542,3.141737262357165,7.535638976270811,88.24266201891182,57.363690424916335,Rural,389.6557932835685,0
335.3752019931753,33.23263901614562,47.42873209088488,87.5050670651331,2.7950735828032958,13.979872232413403,91.91657454872488,72.62822517177914,Desert,126.24144225620076,1
734.7176438169216,43.71880519747427,68.15930723700895,86.86035898533721,0.9345218258503162,8.79166035882891,89.5622769804161,94.05986697778205,Desert,247.38755779153257,0
542.8017709679193,29.605886421164467,49.520721812144615,33.572373230357904,7.898751838302246,8.121924384756854,93.86303701448733,71.05956899126954,Rural,203.11888708713514,1
1072.922958033143,42.788786171158215,76.16703566511407,41.10389666079904,3.518868340556405,6.871792721034814,97.63216346582087,91.97833532377109,Rural,382.9535242343174,0
957.9070308221378,,44.18653639247126,82.16668056554137,1.1019925519601006,3.218387646798786,92.11053716850716,79.51266826298472,Coastal,386.5963718214794,2
954.495834240024,24.657766167595646,58.00300250025469,87.49666656720807,3.156262071072732,0.15542294618908192,96.87197896136234,59.593835655117836,Coastal,353.66770640609917,1
621.8238438154733,19.10552268367179,39.04999038324969,48.2579327127033,9.722010457615456,3.6984427801553132,88.0025291824376,79.05531223489481,Rural,231.12078548304947,1
573.3375521038986,35.57873377432554,53.7725353483828,39.074778423067336,10.292125588935287,7.694875256893121,89.76940375632144,75.29916645785318,Urban,201.0310989002863,0
446.0663647376356,44.34539816740363,58.622161820283104,54.45705099386565,6.055261819722981,5.761403288670313,88.3194471663679,69.93206675981921,Rural,172.0311028215553,1
250.7379469858344,18.978552185548672,28.338765786705622,66.5826904774301,,6.782429897239243,91.44554539540822,55.98152197580352,Coastal,92.55671312418607,1
978.2501386295479,32.896111051592605,66.76020786681403,35.510588653123484,11.74531747527049,14.71165847150434,97.53599075481328,70.83543319236149,Rural,345.6820424778118,0
931.6109082170698,16.933417146590905,45.063336467538406,70.23548809643046,2.806493585262804,5.319058322972981,89.01799729778938,53.63811881198136,Rural,350.67258059109326,1
1099.7459059575176,29.786558910006345,64.03626531324933,18.874301783598078,2.9766317528279975,6.8375257964656075,94.36730265580991,54.93845256993756,Desert,411.10508762700414,1
1096.973153366515,26.237637034091765,63.41796704620544,18.697086957331233,3.856472535918597,2.0893817151570113,92.74070736075416,70.7958266466358,Rural,423.96119944151314,1
699.8885350423648,44.0201865371038,69.43165843569368,43.97157788591589,2.486709160232504,0.8145702133111159,97.85391622984103,65.26907409842319,Coastal,267.7191138373966,1
892.0886736624594,31.29845454437633,57.02654843711194,41.51048940455404,4.862704379348146,11.653601767428169,89.28645099663949,96.27721629311117,Coastal,309.5819642788376,0
1050.2891568941852,22.23272302303866,57.99338316203188,38.67249115253642,10.974593610382168,8.603179308572482,90.2262924302734,68.78529026901353,Urban,363.7696977023498,0
964.6826516096703,,46.70474956438129,51.82648220016825,7.5765001672286045,11.434501610054035,88.31019067042068,87.89290610360501,Desert,347.93223955598745,0
422.6132915688779,15.29363900572271,32.861779767050336,39.05501867336784,,2.3329557034096196,92.55632012112943,76.51237631831214,Coastal,175.3373538103485,2
605.4897217790842,17.886092548293227,38.30818918713545,29.419343885106894,11.24572413756897,8.620248690622095,90.91724544542888,85.20428343211677,Rural,245.99940743131555,2
316.24347363634547,18.783833146910432,30.61833269366438,38.210216181645066,1.0573386734719568,3.879272867686496,97.13401230584837,63.00579915076996,Desert,144.7504359559607,2
1058.6459245328501,39.771562024439824,77.1066836632645,88.11782046076762,2.9181760458714057,3.498121071810297,94.35187853857643,97.09524864191646,Coastal,388.1124633701569,1
745.557171005792,29.64279758988837,51.476165615476695,45.83350627461364,7.007718958670228,0.27173760938948033,94.44795274874487,76.50442484572119,Rural,319.5240437900389,2
405.77852495311646,28.318681898102824,44.057344704725374,48.353458264375185,7.57885516672156,2.0420767811791714,93.58506231725367,91.56620356426248,Coastal,192.25141398187503,2
804.5306159652711,,42.60627508511968,58.2408742463355,0.9549113254700512,4.708094861345461,88.96442854090661,68.25228467380568,Coastal,310.76156970790436,1
756.3154164121063,40.10488926723022,67.59246612100313,88.750557631067,5.1349457159320195,1.841493532804992,92.67269617911623,55.010567452526224,Coastal,285.6428543839949,1
522.3464462295565,35.298500612296934,61.43310164320407,33.12009573268223,7.965270595555037,14.789290762122969,98.49480449193942,83.68558238604244,Coastal,188.1719634490561,0
302.2018329796661,12.368392666500055,18.777230941791196,66.09615828993253,8.527811283639119,4.698626463006865,96.76990755388316,50.387982416871225,Urban,147.81176611494465,2
804.4158760335197,34.7742284030419,66.37817736373731,68.69885201562931,7.838608878937097,2.0418268058646896,97.38132006875472,73.76464882827541,Rural,324.0955638283851,2
668.276930813414,,51.838635146661396,60.54933125947994,4.186477080150633,3.0663264611365704,96.64387677208825,59.64009513332296,Coastal,281.0385128496163,2
895.0865525620754,12.860387101137238,44.7630742496159,21.643375472748307,1.5754814213759594,8.856778102287999,89.08193778102532,81.3687752217681,Rural,336.51396364954053,1
668.1471510007941,26.040522453502977,49.334648247928286,65.76542068706823,5.411793133822342,1.0542485055853488,90.3882066676804,98.9709936568926,Coastal,259.63235802523906,1
966.9633502866861,26.964370049551643,59.959614642789575,19.80710332771316,1.980676029732638,12.950268539103238,88.0327773392423,73.2201453160323,Desert,304.88207538163056,0
696.716154897037,15.80210890571465,39.047508470633424,59.71069871624227,11.397672072987671,14.426345220633495,91.18685631122017,90.87491282628334,Urban,264.67230085448335,1
704.8441743818477,43.09943514500988,68.42799871952056,70.46858829163071,5.964464959260225,3.776536567943975,89.14037772463817,75.38920934755605,Urban,263.0123792121127,1
988.9882423925105,39.74913800182317,71.32937909221769,30.82274179649628,4.1484805051039775,6.806419502003804,92.96433012566662,74.79200155520121,Coastal,341.345877801241,0
563.1345795911573,33.415781806518794,54.626650427252834,78.12165056570805,9.31249681786735,0.4298033203395064,95.10983863002598,96.52117465893889,Desert,241.69928130784228,2
320.6137056055767,26.180344635021253,36.56943552144593,17.27653541497532,6.226408814696034,9.6465823484356,97.18230559789981,94.49829343733407,Desert,146.8114831455797,2
225.90440868200508,24.411793955457796,30.058309581247258,78.28596477437296,4.065391276143176,6.2674982649835735,95.86678023345443,89.29002325939872,Desert,96.11660828308719,2
879.6235301062571,32.7840713502834,62.670869188010776,49.52467879820738,9.837629037494219,4.1238711449131795,97.8551487556743,64.81278766583921,Desert,355.91781989087883,2
758.2785962181182,29.090115429241692,58.14416473060098,31.319095494873338,10.472249736512902,3.1818729481874666,88.56593204913479,77.25042078619703,Urban,241.23447411812919,0
833.6717912893013,,40.287401226959105,25.0333608745476,8.239593912319785,9.844943857115531,88.12788827187369,61.19486166528425,Desert,291.7997931770591,0
391.66774535801966,27.93759270696161,42.36287103091154,86.49803756867794,1.040090857688174,6.301633762381485,94.94405019528023,72.195834902327,Urban,148.6123877110954,1
322.7343280280928,38.22412660314939,48.057915532701685,20.449919068586752,7.0127131219151195,2.776923406545689,91.03820030733358,74.21065328798953,Desert,116.59133473069332,0
213.09019910109373,26.073395715893533,35.047396384279054,29.932006495194425,9.277891487968738,10.367725314153677,90.66176066911062,91.58200200846655,Desert,88.63083631715331,2
515.5288029259373,11.818480214399393,31.233003794387606,41.08667605747844,2.069784638961195,8.519577017246736,91.47431442078484,94.80141826624966,Coastal,216.79377717489123,2
730.9259181691698,37.51973697844116,66.79936178095492,61.51761367208403,3.1297136409229385,12.894213618449493,90.83285860786982,70.7310031198239,Desert,247.07661368019157,0
553.0196405897591,17.047732374759104,36.05229190440224,55.860081395707375,10.648693708283568,1.8503908932597444,93.37008226616666,50.88522225366186,Rural,237.45909917099615,2
593.7274298213562,19.05172922108136,41.16949887434464,24.423261930923548,0.7313998013103514,11.806432368972397,92.6215586958534,93.08869198946773,Desert,221.10802620772958,1
1013.7428250443736,15.764722370130357,51.44185632576133,36.729598780366096,9.156362084998724,10.13540012357716,93.38049978945489,58.713933925068034,Coastal,359.7227619465166,0
513.4299203209703,21.557527270502412,42.1193180454624,32.90638283145181,5.948392863915863,1.8136629587386577,95.06349292075458,81.09409819451967,Rural,223.16224977848617,2
662.5905402438298,36.486302699102225,58.239306832418805,31.015714086775603,5.637879826655479,10.452828875088638,92.06487034419706,51.24854502170656,Urban,223.98420312899202,0
905.2877114670288,28.178505082637805,61.35358560973838,45.835825235999025,0.5816101236912026,6.679054604309473,90.63873071499265,69.97532376302821,Desert,302.97846902646535,0
556.8885040891432,17.17084459527494,36.27254764616159,67.80235894437428,9.923079656114666,14.180273304782062,89.74510563649183,99.29801510576749,Coastal,224.9014519788932,2
759.8780302050861,40.72405273532143,67.19140743828245,31.308969916292696,4.637986357320514,2.2100091242067,91.66947825509257,55.03468005519015,Urban,287.32033306572555,1
976.1273378720707,40.78536492330352,75.13332671772274,42.50091597772361,6.718804759956243,9.678217523154496,95.78896799008481,71.18465759998212,Rural,354.5979645650798,0
1054.5685612918778,40.47024487661024,77.88462531467933,44.31880701308717,8.288957892860083,5.791502677397895,95.94540155617042,65.3574975094976,Rural,369.11173630161716,0
332.36613283613417,18.357867398353875,29.758223961374654,88.23423970765576,8.580240129036032,14.356538591804078,95.0025065601842,95.25440616941322,Desert,145.1659450167851,2
1033.928862645345,25.793377046334584,62.410313605262715,86.59997676593017,11.493770676499832,5.016625939825119,90.45729584072218,93.46700539536775,Rural,394.31329463422674,1
642.9046637715844,44.47463796493063,70.13253731206045,75.01031870640568,6.610409462221004,14.436570051427822,94.17490558147432,61.88493801531144,Desert,205.21413903212928,0
432.41994946906254,37.02043667084966,54.12603427349729,33.124419061438886,5.096774836205917,13.532139181401162,93.9922414465569,54.059389352521556,Desert,167.25375079684102,1
613.2221806144352,10.950859742894593,34.15194524939362,20.10279855687523,11.467591704654641,4.128710206128779,93.08479508015212,81.35691970305587,Rural,263.2389927247695,2
1082.0293177569292,12.282160694117222,49.24210776356201,38.76781032904685,7.884267702793493,12.072772474713773,93.77477935703058,66.81843559418549,Desert,413.5069525214802,1
643.3562845935826,26.237598188431647,46.97658649275039,35.00959120753731,3.9287290971803897,14.934502606872238,93.16380164254852,83.60421953030315,Desert,241.25417728526833,1
495.8764492587574,41.82270720515461,61.08898404568662,52.94443501097954,1.9543388221410682,3.864678732352107,93.93729184377814,51.605987803390725,Desert,198.9688080351522,2
770.0607688850532,28.854562928344997,57.55878342438145,73.32959325508449,10.189376766849584,6.607979822917462,95.51281252352186,56.66996175887447,Coastal,292.60214345854365,1
416.1310569003738,,44.933366124215205,79.37422041591435,4.665088432132743,7.850692974844719,89.15109604123612,84.31861163863218,Urban,139.73286843770828,0
268.2769952977975,13.69157949848207,21.873313081966526,78.36480640578813,8.095401795690957,4.494473923477578,95.87107039756475,60.61853276512489,Urban,136.2776929680556,2
315.9917497195843,32.9873036653503,43.58791759481505,41.97566709173008,5.914388822707829,0.3274461107258434,89.42680457633973,92.87938378812008,Desert,116.98002611414739,1
315.24125506199516,38.77361062100789,46.528086223126856,66.54257575955123,2.787692467642941,3.3799257385431476,88.69959398330893,52.92954438550677,Coastal,133.2008362482483,2
336.7124241610649,23.31470026276468,34.31469289628021,38.46256481431651,7.419395999135348,4.300859576692201,98.2488367053254,60.77409913927873,Rural,146.3248609306983,2
324.9444553844691,37.14641478238646,50.512611742001766,19.567915742638704,1.1978552929328465,6.709635549640988,98.04841357313964,99.92801242425344,Rural,149.2385776641344,2
776.7872703228932,43.75668288652841,70.01124658937327,67.61739492022068,5.25343828851871,2.649426928359688,88.63458372187593,71.65380512933963,Desert,280.8157372903641,0
363.69207595923035,17.13182606946912,31.142008318443832,15.737066442734088,6.786071806132217,13.111489914705922,92.6541611354871,85.14828317723217,Rural,151.12470029910605,2
511.1005549914769,28.316537091815945,45.82405030452201,45.68869405938664,5.514540202363659,10.603175877696907,89.95557185214763,59.13315244285069,Urban,191.89522404355344,1
1007.1095689154106,20.04982853296014,55.94677750144263,39.70344519765568,9.109730015386395,1.3694871156389636,93.09612141991138,80.49343674927688,Desert,400.7154222595596,1
626.5654762365851,37.74990466618438,57.38431355483353,67.00331538891393,10.021136977271093,9.786377521984978,96.71686105149567,86.30530341847093,Desert,216.27100967057936,0
800.8019646689245,30.215767805840514,58.41425546852068,72.46841045702843,9.369295351381547,9.839481498443744,97.98142363480035,65.72383179332553,Desert,304.84490353802005,1
355.0878840814669,32.21038461426063,38.656188615310526,37.80709769784629,0.9463488998357243,14.347695487290052,94.65965286124114,91.44485559879388,Urban,127.28993626862598,0
373.06011692780373,37.92699558655629,50.61030736270545,75.872026083364,2.7324808601286805,0.1450109832068026,91.71600950572407,80.17087892361417,Desert,151.18058309383576,2
236.78175463983098,23.85896654318592,28.885381468149724,37.04375703787004,6.670986356533405,3.7941935021065274,94.33491843926828,69.45615048075152,Coastal,89.29512709246333,1
352.0415567649481,42.02815239424651,56.76159591411333,48.474476998992095,11.250453465103714,13.924093042692201,91.27601371413873,77.88211966715792,Desert,108.65700068232809,0
450.73130512876276,28.6560103536149,45.98642073865062,69.52638952606004,10.102002913099344,13.988795339434418,97.55314822873663,78.8380423717962,Rural,195.7885803924141,2
359.30943584907214,15.52841879923718,29.037591017886868,66.96901719185914,10.18914684604572,10.836737648622497,97.1392048626113,58.2767646346933,Desert,163.80645072159916,2
279.8322803813501,34.356469135908085,47.1926114035741,89.052635423415,3.9868942282362614,11.509873483608345,93.86143337793644,70.13661849334831,Rural,105.90924495710951,1
308.5722839905407,37.764147265338906,46.666344163358154,31.88707681619489,5.4386508164050795,1.4630960731517422,91.41038861149379,67.17152940097466,Rural,124.66203147546864,2
614.7008912294532,21.086658697363433,46.09591628622541,64.67384351546868,5.91311839413328,7.75674993819568,91.08059159362128,70.0451361289563,Desert,230.446177840684,1
385.7003465652133,40.00127399495635,55.36516925325959,60.726143120683304,2.3097732085239695,3.5505865702060913,88.35088894440312,88.05552942426289,Coastal,149.8346999573112,1
527.8428749432679,41.71501391680182,59.71640396537831,83.63238408675224,,2.8001488498428975,96.5661189357656,74.12692037333363,Desert,199.9016224290288,1
653.0755437693712,19.691657058223313,44.82054138451719,26.727160623365627,11.389383343795943,12.173519156937655,92.72902373690958,97.01580766196321,Rural,264.26880711934797,2
821.3553457664287,44.42325154503277,70.95810162203452,71.38486226901998,3.2681947351303275,2.1120682365401566,91.41389574820278,64.68382066792181,Coastal,286.1945832579641,0
235.38092585698905,14.924903481706544,21.51420756364581,57.62014622015763,3.25941239282176,7.082909391246139,92.94665872747642,70.78517891424644,Desert,95.15121870893161,2
919.4693590181383,17.070548394087147,48.03479651324259,35.599940234092905,1.4588591183407347,14.084815769831891,96.59674889977384,89.34784052395207,Desert,357.20399425562266,1
765.110350541817,16.447869373330914,42.16877622616648,50.58261856103805,11.177839147353453,2.8688976279236043,89.30844918092897,77.30122966603751,Coastal,295.2532159130828,1
273.58312875398474,41.289639850275464,48.75193407114442,40.03324478023484,7.166976821807378,14.672102013699696,97.00538787653919,77.35140732122238,Rural,108.49045147281431,1
986.2207616960995,32.90023933137367,69.8641321249278,58.44850520913457,8.17092385694157,14.91489098783978,97.42384276863771,52.66700815025918,Urban,327.3262397720243,0
1028.785160478632,15.323649912779551,50.81342172879201,81.67504581109993,10.983134203525104,8.378695604767803,97.94043310785582,69.92998313592278,Rural,415.10634993343393,2
254.97016386937736,25.411319642892217,35.04028531503418,57.69787383091515,4.474631942359079,2.635126828639653,92.17362392043759,63.53668662108662,Coastal,120.54502140594907,2
449.18988333248336,31.53543087744307,46.11637406125263,62.379181374493804,7.647334078087967,4.8099628303193445,90.27997424239555,99.96675614155578,Desert,169.11673634157017,1
925.5811518137552,12.921242974628415,41.675376687012815,53.90608853360321,0.9461937293822058,6.424943206880373,91.92322859390033,65.41775353161552,Rural,361.92295451106935,1
873.4337213452925,40.884572894256856,71.99486785812493,18.837412983410694,2.6478840746579873,4.7089309429375215,91.49557701042974,94.22482673969317,Desert,314.75608798553094,0
366.0689174207396,38.126123740453735,47.114025899340064,32.46439176570707,10.059326758534338,4.281470140160085,89.84961608128003,83.81168675202387,Rural,136.66282858906973,1
388.41439100303927,27.68223707518234,41.13947266811778,51.90012970740621,9.317836097890861,14.586222667323728,94.37630003606563,67.04582045960453,Coastal,153.3445155865198,1
533.4248925122438,43.849431534070966,59.78267269433388,38.26764628085286,4.532390951757189,2.38513592849461,93.0045536853406,77.17671891870619,Desert,210.24771818284086,1
636.0706866719192,24.62163427462849,50.858660306607284,28.632269832089566,4.833322219403444,11.026585839881248,97.08986041940204,92.02679399745969,Urban,264.4804953252199,2
756.4292943772664,44.44386116627742,72.74161191383119,52.809963143882875,6.635875985866163,0.10611331264370559,88.33715059506162,94.16841490154559,Rural,258.7142216356946,0
532.0222756127952,33.37719995812695,52.209487187117745,39.21073450858877,0.5027715538790474,8.983121774095414,94.76061323932882,58.01969375030726,Rural,188.97034392150866,0
616.2812445198331,32.21349456388795,56.31075147739144,34.3580732380061,3.2743098644373205,13.74755075891538,96.0109632243714,66.97865706040848,Desert,220.81049079423897,0
872.7238443203809,15.808421335352474,44.661123931634336,49.79890630802856,2.894665798994466,4.390218001988963,95.97460897647723,66.76115901067858,Desert,347.41137815230275,1
233.01488260153812,40.867471540662535,50.10995118905655,24.996319356162985,3.3805538876222796,2.8643370313400163,97.30377665450301,52.10223980379723,Coastal,101.36600840649757,2
427.19324990961866,24.96213907722153,40.31352369149561,84.58092998065555,9.767917189134575,9.810028943688561,95.65485429970968,79.91188799259483,Urban,159.77316190556257,1
842.0146272960972,15.678169202386776,45.67672132041751,80.07765734394293,3.7162493502840963,10.717760968746058,97.74200564730081,92.7410026496094,Urban,371.914715501188,2
1005.6861539184794,10.441263199151566,48.18498558651188,68.07154393054014,2.702495203576704,10.351654732384521,91.49289429811937,69.07871939127588,Desert,387.9952802656895,1
660.5096979040995,29.59144892734339,54.17427255954648,22.966037069134217,6.299029799119863,4.857821512318473,93.2836988758912,87.00179724920885,Rural,257.4459148157303,1
678.9021367387841,28.45898677429367,52.79800888580116,73.19079408522697,10.454917918286418,3.8578157921740304,88.14783646447036,81.385020680037,Urban,262.316371618777,1
296.4548102057985,35.17737678292055,42.2435202676669,75.59679960817643,3.2755215941312485,14.343190119434459,88.07305466668456,68.78243677465004,Rural,85.50454661060998,0
602.6711301411092,41.15903185562307,60.33242882000297,72.58234632857533,1.4031667921171849,13.857162673221948,90.52132951474096,57.05298997461485,Coastal,231.1989155250779,1
679.3555398095209,12.779230462506034,36.31125648864782,23.547441533943086,4.598654462271144,6.914017487403022,89.0584755699604,85.46619263879836,Coastal,261.59657730587463,1
418.2234532712567,35.602377161912685,50.426942774959976,63.29309678008235,9.097995982497245,12.708288605700163,90.73221936332541,92.72825844706202,Rural,151.54875194179743,0
442.31890785444284,16.559418043415377,29.78017236897303,77.5743596812049,6.832941263990138,6.839619816751011,89.85895459254817,84.2927246200746,Coastal,158.95601528540797,0
539.5557467941603,40.03619686050074,63.744001349453185,58.30150509147508,9.893123750104996,6.423396369280405,88.2994602608058,50.8939242017409,Rural,187.49361683607685,0
218.06407799995372,38.66722298515796,49.33225382566349,63.48055314210667,11.53530969750619,2.4357679192294905,97.54769353726351,60.81164471954956,Rural,76.8057142625116,0
489.87124902486045,28.927781424494054,47.277511781149144,49.37726095697296,9.615618482643596,6.453450241730395,88.08634287958336,53.473999244176596,Urban,178.99320239318493,1
390.30320629689015,34.858497951815906,48.663183894774555,54.65304899130395,7.443735406703164,8.107512385137124,95.72886251553939,78.51930497881133,Coastal,148.38533321435006,1
494.7476169601232,21.002253961431194,37.894002615233205,17.57826437637939,6.173428262602376,0.43531447868742834,89.59755281265492,87.82388394202061,Desert,192.25324796455047,1
307.78591863732606,26.49087646264851,35.359546694910456,62.92222664799635,0.9607944930050667,6.717283777113556,97.5784110309958,55.528959353432974,Desert,120.56407081378534,1
1001.4745526659054,38.757291419866505,73.96386180021092,21.10854096683694,11.819702756361474,11.742207654088485,97.3743573656938,91.91689102966926,Desert,356.951519707347,0
734.2332081986438,26.074281901062488,52.28794926830052,47.62609457551675,4.910032909612989,10.232686239976621,94.8659620368772,77.77544891977416,Desert,264.13888824383076,0
811.1920872300407,22.52293928639046,48.43114118847864,36.94913232505559,2.2506244600439684,9.563839134072632,95.05845857290636,84.49845060708626,Desert,309.5057824600832,1
910.2541147466045,,59.82468250438145,55.90709626587848,8.167151837059253,13.652375883714317,88.05606099068173,98.57009243043231,Desert,317.21909588806113,0
648.5979790361516,38.98872383530264,61.37913500391846,25.006225164240533,3.769315324597782,0.3686769463959272,98.34115144419282,54.184049412384866,Coastal,289.1009719359,2
278.2282592786813,21.732281657980543,27.65465561697961,66.87325514799886,7.236450115707048,8.400009034264288,97.21724233754605,95.06120114888947,Coastal,130.01820883190547,2
683.395887636693,16.081655759751033,38.27974180547629,74.62586526963528,7.247830940212799,11.831497841304635,97.39861537016597,56.305134799370464,Desert,263.4123649440779,1
728.1570062187913,34.92049071157733,59.57877486239174,27.251583730736737,5.625892940382996,8.165897202248882,94.92206763903415,69.64794033183412,Desert,265.858290190604,1
870.895526765897,38.90923744478286,73.16595619626963,22.82348155139116,10.11536407876799,4.926043733447649,91.62026275087263,92.57193481655571,Urban,306.38852446026925,0
588.4935916067114,13.522311748323666,35.23269370362608,25.913661209051938,3.547121207887595,2.1301334198704702,97.38331081545005,95.31271183689341,Coastal,262.7665919709884,2
314.8222725160074,18.395593946458064,26.74341034631854,80.78456714238763,5.659274803603943,13.324689770061251,91.06092774558752,75.31858367725727,Coastal,135.7895505556322,2
455.398315218852,14.969019641634787,31.88003325312988,54.61419463172671,6.683459478796172,7.114359646575284,93.90847120509314,79.70523191377126,Urban,194.6903979238054,2
526.7740667587716,22.177949405375834,37.52043376405611,50.04457470056269,,13.183916435086951,89.04717520961077,85.40736672992786,Rural,208.70625816555693,1
781.325517198441,25.762284261689445,55.27405947140903,23.00338643267657,9.51567628081428,8.829196624254207,97.68053411639387,91.63793342263571,Coastal,305.75130496349476,1
713.7004742020207,36.20892179371573,60.246189087150704,63.716700506772135,5.040283753099945,10.145462537563512,89.47808980659774,56.07555847688331,Urban,257.8224077433564,0
520.4870533080616,32.7901654708586,50.81993995916241,80.09996939213174,7.929539857110854,12.083491200238905,90.36141646016928,90.50346541146138,Rural,187.76412901008797,0
1087.8637239136817,31.73249986174509,72.45932349380834,77.11394019925896,2.23202596028797,9.921417614542001,93.86040866034625,74.06380752558084,Rural,360.47260600571695,0
745.1973374211984,22.333123131337906,45.84070280391135,61.9541031735601,11.225453156238505,6.031017126116172,96.0229765022363,72.53117125540845,Coastal,329.34454490851624,2
413.504112562395,39.4506643579666,51.12907192742445,20.645903748875522,4.9051762738415405,7.753137420536899,94.50318871233114,71.19498759984991,Urban,137.624205247406,0
291.60422535836335,26.49505085893576,35.53400009378647,23.429777038200974,8.889496352729042,12.06537831767061,90.43740608440164,75.46057926230213,Desert,103.0999033158738,0
337.5732252658988,44.268672830530406,58.1604934168755,18.69817403323685,0.7339224416450429,5.667389415957464,88.00990194653865,97.25252766973017,Coastal,114.78477088402938,0
421.3619555460573,32.19497484035079,43.90395113350911,34.31094123693519,2.8596521434052806,5.883009705850606,95.9500810932281,77.41018863960758,Rural,203.87452303838631,2
344.6132359336001,14.419265954757595,20.816418016212463,25.17461003702833,6.101449259721147,1.5257827292642172,98.34467692206648,97.65887691315696,Coastal,187.33989088491802,2
367.9103216461752,33.666214672640194,45.64075821343833,34.50360301893254,10.599903378921985,13.72730808480404,96.50408776321395,59.01450653078203,Rural,158.06692096730035,2
456.5856518244624,21.378640540109465,38.46261995378749,43.87935417892213,6.563434224432787,1.4564410926870819,92.83216949064446,86.20679894163166,Coastal,190.08315852214892,2
356.03623576527934,34.02145188401341,48.883243635275846,85.72370880533518,11.193510546379608,9.758316743983482,97.48955624469062,90.61197693043735,Rural,172.84822513660276,2
1007.0888821637826,12.437440185684201,46.7592283372458,60.77820448362691,6.063664310702158,6.256597734161685,92.30340056774267,83.9564415667431,Coastal,400.46416667633224,1
272.21037109547797,16.12085030115858,24.825360075268307,77.62303392622218,6.140164612463424,6.143728914806091,93.5118078845564,80.34611401132702,Desert,130.19945079724874,2
672.0602506132292,39.95080406170252,65.78071430167704,68.27636255342492,1.8770880677561168,10.22532236493299,93.00986255765467,78.24063905430911,Coastal,237.92408450719776,0
569.3571442906954,17.95128449582302,34.13930114660652,23.43773478949738,9.730546807750528,1.099696616185193,92.70005066298802,93.0465241289348,Desert,247.63532767658745,2
1084.1407552177457,39.2964393835029,76.46432426575798,70.19403047804616,3.3401022433712186,8.946216165976375,96.13950307758601,91.082329858225,Desert,378.38903117311094,0
300.8350119512471,19.774663095904366,30.68473629404813,35.63241611693434,10.845543627781623,11.603273610988087,93.53107352632966,56.11443605902998,Rural,117.39875467422566,1
558.0700391411674,32.50086685205477,52.9317556645657,62.93308852460298,10.974478533799555,12.440370092510253,91.32552978126476,92.4293828515439,Desert,210.84687998895765,1
1072.5233899478321,34.29527007284409,70.81397533463645,40.57214802322414,11.348066286552722,2.6409028019672522,90.71066076041402,70.70343097202212,Urban,380.17772018002125,0
978.9564133045823,27.942916360076854,62.27527284914891,89.82541974484944,6.482650624685535,13.471543846164789,88.39634682815804,62.68484149979054,Desert,318.2653600882619,0
935.3648638543519,20.685873684385594,48.44698921246193,34.76636096225833,8.28657852501191,9.876576768526888,94.12354919977199,93.4884284006963,Desert,384.106907489104,2
432.1125443404459,17.442553172988365,31.24999540023628,35.934785308070225,9.45293262070913,13.239636532228173,90.41459486171085,71.60123998168709,Rural,131.06787874078503,0
353.79882865105924,11.161627409684918,24.45160383758093,84.80041916717987,2.0066681144803544,7.330682684941954,89.55540618117202,90.41823450884084,Coastal,153.75212790723276,2
801.7788979319879,20.638124043425336,46.73579740253555,16.8483303477242,7.411007742471218,8.17629684194831,94.86521462019061,63.170180597792225,Urban,321.7061435797181,2
1036.4383902148272,32.86069766859491,69.25400976929306,67.25167409048976,0.8944258649880843,13.7936703277272,95.15269720712627,50.19646607111089,Urban,359.54446439889745,0
701.0866037125368,42.840668645696894,68.27244477724108,69.39947930519085,6.2220099589703475,13.50865219598461,95.89762636870549,74.77295964514721,Coastal,242.76005528913856,0
714.4514205229099,40.49215687920682,64.81285819579313,77.72839330577995,2.2806908386326152,6.77759701319813,93.28755741155521,55.01141283214422,Rural,255.7082740731008,0
451.98118429425574,36.812267178735596,52.972536171027684,88.08294829788565,2.6036136485639743,4.188748211371657,97.38757335464081,87.71879777624548,Urban,197.65105435065536,2
892.5436398727433,37.595657013865456,66.90921927884224,88.17014393674893,,5.958239475007535,97.8315989106814,63.80375680347052,Coastal,351.2113966429205,1
368.339373701771,33.274471621659835,45.75312714182972,19.89575681748479,5.473027417239784,5.87768849509327,96.47739486782115,72.18228233017393,Rural,147.1531196077724,1
491.31131276381933,19.110040014810103,37.526368300722226,76.63794920646768,7.666482882120153,4.37431643724363,94.67373156108596,54.35167825457771,Desert,206.31373709873637,2
582.8927947547751,41.75182607470404,62.46701981305804,63.4732450243036,1.3559268120429302,4.101836104561202,91.18907001270748,64.33296242236263,Coastal,230.31247234699975,1
656.8493408160095,33.47563091670419,55.29229530613666,63.55066007798184,6.292455254230613,12.929837753547819,98.32092167701232,89.0745121629286,Rural,227.899223902402,0
418.1687591735722,29.615422084315398,44.69976146397201,24.62624449610211,2.6001889979106627,1.1409426182014593,90.87842975551536,57.579395595115976,Urban,156.9784310849659,1
303.35314226528317,13.884631422471838,25.931210983029985,63.764037483424,7.100714512865032,10.196406613283953,90.12789768089952,82.35797805634786,Rural,140.88571001316382,2
749.5580381974694,25.64694403322489,47.781592812981366,88.68619354509359,7.83015304100361,2.675018766701139,92.64261819475912,95.87129264022505,Urban,318.6497931539727,2
459.7674979162302,26.11253949206742,44.522550049047275,83.38639271545853,6.902156450357819,5.233137811571542,88.59682599248008,83.99183798788602,Rural,182.81903764070967,1
723.114399280351,40.25972633329345,64.8962208307436,47.93479956036379,8.990398370500538,1.0169912086090693,98.2741918790538,90.55108446461134,Rural,285.6555086604891,1
338.92644374678207,29.132687706572597,41.84609310419043,17.996097996457074,4.359506308770365,4.122607189146384,94.17855234237246,55.44858146519579,Desert,126.66330553056798,1
633.0260916693358,23.314019213964336,47.864426269681545,42.17201175001536,9.298725803781005,11.549473959646907,93.84799696247384,62.53659130010272,Desert,229.94261563018244,0
679.3304892964272,44.18801149787308,65.2212312287871,76.97927337004164,5.476821439644227,13.286728335754153,94.88586093894706,94.72694261202955,Coastal,260.7755236392854,1
246.6411831401842,13.875220766421048,21.088780171472404,67.61243260988745,6.068121730709863,3.400754563345269,93.21874830166067,85.75528068090446,Urban,102.15436200961051,2
502.9438503745285,24.789194990918062,41.81513236227515,49.45077416954673,7.953174463502322,7.006862804957935,88.3366669294927,81.97769131886557,Desert,193.184971894738,1
320.9732092450768,11.470863630999185,21.137418912328016,19.13261513691233,0.7111214159910755,7.107828314264375,94.42926853282417,83.188336806085,Desert,131.42253501537522,2
257.037473425491,35.89664422684256,48.362828948408364,47.0171045867477,8.020933546332856,13.116272055820039,95.51982570804252,70.71002771523217,Desert,107.50250302216456,2
1090.9642091509509,42.13267932697027,78.60288245959997,50.176870478841266,7.613729214329327,11.4657058878495,92.37586513655256,52.227831580882665,Rural,337.7737668142114,0
490.11846047725066,19.80130653426713,35.84435909199717,84.6416649670602,4.063241842662719,7.744850553683943,95.95160350674753,89.22207710353645,Urban,207.57684004455683,2
928.8870012691714,40.04195868796923,72.9617817955962,63.081457768661956,1.486634276344129,10.094133287029424,90.38351364305342,83.9356618107677,Coastal,287.63414124398395,0
429.17658928738746,20.22763806616642,32.84451963907281,38.373968749098665,1.5457576739999732,12.725590303249566,90.32340420619494,73.64022320563623,Desert,145.92328285543036,0
813.3524500015363,41.87695565753703,69.55292998407828,54.398869833804106,11.117073090330129,0.24213041498061966,89.69487837071952,94.98798076841288,Coastal,295.0142219812243,0
884.2050739007179,36.38866662588744,67.97075073491291,19.954148086662006,8.426712194097128,6.103061462645724,91.9059449777862,66.80798324925495,Desert,293.29951930778344,0
736.0748665470599,38.171737189450354,63.26863670983243,87.94261767373027,1.9616800583635146,13.617923192428472,96.89362637158538,64.7160872115618,Desert,286.90606531636814,1
624.4185696951425,10.630229446015907,32.298105667546004,42.00449264480445,4.602316447052423,11.130664159574875,96.69307665256517,93.63981625397214,Rural,241.706343618789,1
570.6568227325417,43.69836249759091,62.61268706833312,50.840051618485184,7.313554429868359,8.188336477577712,92.0196541836168,89.84938273794927,Rural,196.85713421116128,0
513.9814398886958,35.433484722461316,50.39389450020414,41.646298067769195,10.10907460854246,7.991703452823488,94.18574672779249,75.74899053241724,Desert,199.01107993168856,1
1036.5762298230434,20.66628833851467,57.58964280499966,66.188379758715,1.002100680199598,5.281774454306123,95.56857132298661,56.5367369728925,Desert,389.85535541630463,1
947.5574670089562,39.02881327005964,75.7031907586676,64.66741187471948,3.221281011905102,7.855755951258566,90.53267113359423,60.75357357325262,Desert,295.054935418827,0
1068.5242195998612,19.853241944522548,57.28839289208457,68.64917328968517,10.73211338839687,9.865209672005454,89.76548140189485,82.81139952044033,Coastal,367.69978454245404,0
311.86750113699026,40.54638438481447,51.912275159104226,35.11074222089406,0.6054038271138895,6.333609272589016,98.20700792872927,69.25206189202058,Desert,113.77457210762363,0
857.7807276832798,13.940313664417795,45.34808464356631,38.67513608730495,2.816089682129705,10.740881881243393,94.48435178870099,91.82365958329856,Desert,335.3602778853838,1
1044.506411138934,34.62900921112785,68.64807260789715,24.3938423322156,11.528778023689108,12.932360186179748,98.30486507925347,97.4977504666102,Desert,405.00388469621333,1
363.1097595490941,28.924446682571862,45.03831758304937,64.16324788845844,7.554121235004968,2.4048042379544317,91.5464378648884,90.2818462637459,Urban,148.47250775131846,2
259.8466406300997,13.378706456840428,22.877996471739525,17.98478455017394,3.509220716331324,6.828050639979624,95.38183284972838,68.87727114977785,Urban,127.69613030895756,2
867.0085843610532,18.466283989059363,52.07529823987444,59.82617516425943,1.2703975855522476,6.179499360147708,90.337338183683,89.4343214615712,Urban,333.9089409004489,1
717.0258018619207,10.434141269706018,34.06397834382527,80.22719136387254,0.8242004151430549,10.343225580340949,90.74260179837609,67.57208367353417,Coastal,292.72010868154524,2
957.6458990824449,26.406878791257704,63.56060910425892,81.81241112172252,3.3145684158246635,3.8230252323431477,93.37497227333105,58.3550043882817,Rural,316.8270542335304,0
325.7951389636605,20.54428412660001,33.497424978397696,48.67783202774713,10.63708692527247,9.639738632788916,91.35599031783475,51.66966024329287,Rural,123.06015812793167,1
915.7405806739011,30.942511950421558,64.09951244571282,49.44777661598053,5.283007024421359,13.17458970179917,89.76002642032614,69.285835638051,Desert,318.5097739396516,0
381.46458804297004,20.403323269801604,34.22263276001185,20.772688725601302,8.78383374540892,6.3301608369249776,90.76024737088792,95.17796518486409,Desert,150.3475667506217,1
347.29034857913405,20.497168902744463,32.15527386686526,65.30737690822768,11.060277906869514,13.67413392969038,88.37535814189158,61.94932938778383,Coastal,149.86248890621948,2
347.8392181378937,36.01176195560612,50.587197907380144,76.59445652796342,5.192465308432391,14.898139710108829,95.3964480255136,60.3256582464892,Desert,144.9545983519828,2
933.117248208244,11.684999259242371,44.624822686227006,33.349129095353476,2.6996897669300663,1.680771544224486,93.16722489940155,98.49103926205201,Coastal,385.8341340573417,2
798.6774986265801,41.60132483171955,65.62089787647555,46.59756612250235,6.446856204854574,3.572492500974394,88.98955219724752,51.25020564252961,Coastal,268.3782945838482,0
670.7588822922073,39.82923560369135,61.071423560504606,77.91295025739527,10.942962401188327,14.26065829708319,89.80278692784916,89.28910751968772,Coastal,215.69080727711636,0
522.9474357111523,33.37316391292423,51.30463265842906,80.7840350746716,9.750305762583556,14.379082528572663,89.07661265018277,66.06849778704353,Desert,172.17417450359343,0
989.4804867317974,30.76275495375845,66.01456995570247,33.23849851981694,1.2570431986762685,1.5558384032627017,94.4322244868967,51.87439784348297,Coastal,350.8333223344188,0
553.2005966803719,,60.47943134090105,56.29279759060232,8.46458720089219,0.32347765561933656,88.98920881793119,95.89012701047918,Rural,213.0033479092749,1
934.9394955244194,16.486556283505006,51.64738020644702,29.436986297687028,7.076821508277968,2.5003903465206916,95.91996449686977,56.98211651047918,Desert,356.8528498063125,1
595.2214177131966,12.763920676679001,29.694466568563637,22.64090731046674,10.935826527983894,14.940590472395499,88.21536465286411,77.58896418628477,Urban,231.10167592670393,1
539.2499864824168,18.382855946833836,37.54378134672874,83.33403760439681,1.9085362937784183,2.7819942874992343,90.61844577395686,63.70271037147739,Desert,225.34781455026936,2
616.4118071026458,37.81023975450666,55.74869455232495,76.53806281740819,6.641415301853551,7.587959340158145,97.35200009686503,53.25964010923455,Desert,216.02773892479266,0
471.24008674772784,11.213459335426917,29.226286962565734,72.00261763523804,10.613820975386762,12.741424123814614,95.54457884028358,52.49612428316895,Coastal,209.2048267472402,2
872.848442158626,30.398239227922137,60.75901727459004,18.65747391098553,5.215273547530044,0.40398399925427453,88.76616749571973,55.77783494181694,Desert,320.7104755879745,1
652.4483510832313,44.84031306669585,68.51522529865719,78.27965945326932,6.042941553927971,9.106885835651045,96.62182409709439,53.568350694469004,Desert,239.84947960918592,1
408.9914256321356,39.949363284313876,52.53629726025909,47.85330569290378,1.3102977931700204,4.227679188157402,93.17686877617216,88.02790577599615,Desert,152.0902922964558,1
1009.6171159471116,28.25059911652563,66.14612803799004,40.67963424718947,3.6986518651624745,12.948790254952002,96.8912217852727,74.27831011417146,Coastal,366.82290498523867,0
545.5020992358902,12.227431825032482,33.403454626406344,55.98572707690323,4.231826465442895,4.323571124034779,94.30776763172913,67.14460456744898,Urban,245.0050211406491,2
689.1975750025897,39.09807300349985,64.38707673461427,21.85149320426669,11.3689081605662,10.332660232200443,95.15924683634502,70.91844550660036,Desert,245.81085901389238,0
1015.8248998680923,30.964247786202368,66.25908478785871,71.74849120142991,3.750674646223329,10.145872523466213,98.43176638415494,96.44733677863117,Urban,407.36364586408183,2
761.8141963225929,14.02265489708484,41.84586633896586,58.68263076662219,5.799990455600998,3.400253878008636,90.43952323220219,95.53759063690737,Desert,309.92941892439063,2
305.20823663752765,13.285004968817468,22.553508115156237,28.994257265487562,8.220000870989217,0.6185080780384168,94.55142853499459,85.78382400612884,Urban,154.08739295320578,2
1045.8489112521277,41.83693868028074,80.15276189214663,29.11741498267842,2.36510878269059,6.19781864940242,92.83337459560268,94.23411887108439,Coastal,360.2938158418421,0
764.9372477642761,33.42200920283275,63.493774663230255,28.818648867950568,6.094087452131556,4.408977964291458,88.41424550568826,65.98240137938124,Urban,272.9813604256794,0
501.4150531913775,39.025037976086445,58.71578595774304,19.275179066395047,8.993198953972938,12.153768469244259,88.15194173578008,69.05546630041414,Rural,148.21994424024655,0
325.3448653970485,40.76426150987936,50.69212685916124,59.08488370287636,10.46883494981126,12.025426407984645,89.25190006708752,80.6856090927114,Rural,120.5789742360894,1
914.6226703432663,30.01203232169128,62.74666041825181,78.0261133191381,7.701981658617907,6.90965688767012,94.81546327565475,81.18129736486321,Desert,332.22788643273515,0
758.0654803356622,,52.056631035657325,16.312366049054145,8.1941154261449,9.137032157315963,93.95521242309061,74.08499190061704,Rural,277.25295000760207,1
680.1149827786894,25.064959361234656,50.013764380840136,18.675348372845516,1.952259934722543,9.103466788205186,93.81101039221915,70.03289242189766,Desert,279.76659079418556,2
1004.5033247458618,21.093130572689176,57.15195376451942,57.95777075152093,11.376429718332993,12.424656411571588,88.33449600654673,99.30901558043476,Rural,347.5084186681652,0
909.7374901020777,25.21085863005491,53.3120381045633,76.46217640395392,2.024601891071547,6.432535970435643,92.92768146178007,91.05618130588621,Desert,339.74908772673723,1
336.50739175947604,37.08578795055547,46.539978974312405,39.50541679264752,9.408738777590681,4.204155528878585,97.70853958734655,71.74900989440226,Coastal,136.33861034707857,2
480.54986101599343,31.067320085529605,47.32028742760184,41.221079910579164,3.545387700450666,4.049020280294157,92.17471462776179,86.36462386197843,Desert,176.08914914218073,1
423.64022583301914,41.238315148419616,55.46400355829363,59.7259873122582,11.236321152564393,8.089264961304842,94.56168593277879,63.478084662622976,Desert,175.954770324432,2
869.5516633154093,25.51830050327157,53.53365484847329,35.56596668431102,8.779534702749014,6.792308220709967,96.188096094043,55.00846631186649,Urban,326.4316656389825,1
230.17919126220144,31.24813525515639,40.082364408037805,16.99562745582631,9.168857699251243,6.657799487675549,96.23121543098982,67.62155127763702,Rural,101.6717749186758,2
712.9007163841849,32.095764358219604,57.550236649547095,70.1421388576197,3.019180490188658,1.4579463524366378,93.45244086515035,70.14864000616971,Urban,292.48040369034226,2
886.2128171666214,30.709400680721394,61.338311017596105,61.92374347060898,5.59495973130435,10.807195736283914,97.00849542672454,50.82685622803354,Urban,314.63764848670735,0
989.0890730855745,34.59218205799307,67.69871661567146,58.556699929174435,7.6048517377767935,3.2846766509304697,92.10946998031935,90.7396000817948,Urban,368.80578292889265,1
507.8735738443167,18.310171393118218,38.18316073050243,70.62630967438673,9.35469660937591,3.0346090901099485,97.33127875524039,67.95967011945908,Desert,207.87712933075474,2
939.1315742048116,27.93273221410267,64.11315153744768,65.64231281715281,1.69553282299248,6.250098972133162,90.52238524715322,79.02090828900735,Desert,362.4266730596203,1
299.56856325968647,13.647868098292168,23.16564484468812,30.441149113374088,11.567201139227077,3.493897290105241,90.942272273401,53.6981593635478,Desert,137.20270014596824,2
961.8070625610663,23.45789646756844,55.896809822896124,41.43607852075134,10.737537711377394,8.799488182889428,88.55776655408951,58.7498414375292,Coastal,331.17450919824967,0
314.73979609878415,27.068347401744255,39.06665559602569,24.458260625896877,3.60900879069922,5.634803756083625,96.35360928369397,94.48468626637799,Desert,126.24167184281613,2
557.5585615043306,32.82784908409154,51.62633997724913,24.73927600634108,9.961742794871817,6.788784666632573,92.37907998044341,80.43437639414003,Desert,211.83966935639052,1
917.5658292015983,43.26858684051712,75.1045964612466,65.71468097674044,6.460725114957969,8.10382289190003,90.40572444606968,97.51420250852428,Desert,305.36019953425523,0
334.9256846138964,31.022787329192454,44.22449259412817,79.39500802368737,5.810774537963215,3.1326792849788925,90.4337979149741,99.93750171956584,Desert,158.87074946248168,2
406.32625570937734,36.02578706617959,46.42849384099321,87.20494378958543,4.115992216831162,2.4206991806963942,97.46469938290694,68.59300576665473,Rural,156.44762323801422,1
850.0273115537597,27.719312082332095,60.10687263641903,62.12603381620833,7.181138746263313,13.218286352816712,96.75612430484088,64.94015320416374,Desert,308.86976502892264,0
848.0328828914669,32.1936410981716,62.02015304803163,28.807599252071775,8.893724853591374,6.562483172188173,93.81207429625043,92.91780275795483,Coastal,318.09544492101776,1
777.0328695967676,12.482627564682069,38.85579171144458,22.923775908669803,5.22572840707172,6.240194783524833,94.46916340436508,99.93057135187271,Coastal,327.1860236294385,2
824.55360002039,18.903705329464643,47.5846130217354,75.96382286525683,7.736020719595359,0.6306210390653381,92.98041849077805,81.48206171162286,Coastal,336.6202518391644,2
688.4519990128365,22.664858262179855,46.68553693767017,58.40673572699995,8.542098593285994,7.519846908552159,92.11249870022749,89.75703612557612,Desert,267.91501776391004,1
426.6191530162575,26.537267425227974,38.00653517390713,61.371376576028986,8.677900895675787,8.357128852003902,97.61250725279248,89.08729294076372,Desert,192.813904367157,2
511.1263941535275,11.597706092583431,32.47700634286337,73.60965665660319,1.0976101285085729,8.426728977224531,89.31893338696317,67.76698541097736,Desert,207.51329351322744,2
363.43794512128306,14.900843414366118,27.703822758152263,67.74579207993386,10.38709976537827,10.634764422910976,92.39369129202039,78.71351901285436,Coastal,154.3433209334936,2
1017.6055052002655,19.688500772695704,56.190697715599754,77.58436896420724,5.769913119798051,2.7444793413660755,91.61790003387269,91.65284706321069,Desert,356.8845865739806,0
725.0526152895084,44.00364418153677,71.28358525781765,19.216042909490888,3.517784939506466,3.8581247000362207,93.23058256263705,84.40569381305278,Coastal,265.218323919948,1
560.766275087276,21.59714524860678,39.18163996154084,71.06404775598787,3.2802918360163384,12.17988393193315,92.80513468272434,51.058190699101914,Urban,192.13610916756792,0
615.8052232797195,26.871437033922888,49.37156364678353,78.81395679915715,6.0546622977054305,14.21284219096657,93.44834008233636,66.83528344487668,Coastal,232.1753594975735,1
1052.5550056506338,16.863419945843752,53.167562961818355,36.46012818437357,10.698562703893032,2.1253979357730777,89.46914926088344,57.22378482973027,Coastal,409.24156959797335,1
338.01626280447215,31.37730248765189,44.9014132362414,63.033545549493965,4.85099718935044,7.514978362127751,93.38798576588941,61.64861060390196,Coastal,120.31824929052873,0
727.6068488151175,19.8239125430591,41.03569741088522,38.56215478777291,9.121846088010749,3.291226165819844,90.54539754581572,95.27447387456628,Rural,293.8942687980228,2
655.2998109960195,17.244740245344936,39.98204502972308,86.84782998618405,1.613415406353014,0.9950902084892383,89.935479164376,51.844664445538406,Desert,253.1854449089495,1
750.308811891183,28.080041995609268,53.13520910023275,17.506767932662783,5.97465207473721,4.949999738079417,88.68075929725501,60.990035598096185,Urban,286.89041922924554,1
216.29916543875646,10.192702970614729,18.627699662239518,58.48446328747163,11.90439061451646,2.24094561524477,96.00785186693948,65.47846761191157,Urban,99.13750230632026,2
984.9115180497363,10.268241142722886,45.680232649200065,27.48776602871363,,10.67800279417027,92.48814016899388,80.84420359831974,Coastal,397.033563091501,2
1038.9064542352512,17.667408318565023,52.61388242715476,68.41651538828691,2.9210776170670494,8.052508663704522,94.57975867477346,76.70508450429327,Desert,404.70869279400864,1
708.619865230288,11.28524768752874,34.66259524223673,28.191771256399655,6.266576947525973,2.2431336177556322,95.63973010469981,60.9134741426693,Coastal,309.02359210973935,2
826.9857414892031,13.780901394574197,42.50407160958165,32.65374464237682,3.1866847819585153,0.23769966724216407,95.13282498579231,58.21205336115772,Desert,348.6402123896966,2
1030.2494430595661,21.860122726856304,56.125568779310704,52.07781082843186,5.209950663518857,12.141540030460769,92.94025755044166,61.839901729805945,Desert,376.0290077135568,0
836.5147708820588,38.09049878529345,69.05248315706976,83.61262124976585,9.470966272952095,2.7252966518472883,92.07293455399316,75.12648133508279,Desert,280.2806312094975,0
337.28513862283523,30.02170251792553,41.088267968829875,30.878577911097814,9.369085375839642,9.132627969089413,91.94757905122697,63.55888928556017,Desert,130.9552250967912,1
718.6595241501318,27.943370408474575,47.28247731508591,25.818001583857765,3.123154345877429,5.120136504843509,94.7205123677656,97.38012508038611,Coastal,294.63636666142065,2
746.0435417445703,20.27210881228426,45.63398866010061,71.9232623890523,11.105568158780892,8.82374048089403,93.19534072688967,73.19326107144238,Rural,297.77033323169877,1
581.7176041721474,42.61138018014857,60.89440868448579,52.54646492504482,7.314534101795508,4.803239042036628,96.91588860387937,52.939800827231856,Desert,218.69685189227206,1
862.7998120622506,23.89552644330171,50.83096823455859,83.38388342863286,4.869129346063167,1.3953994543145873,97.18437083543047,86.46332029183168,Rural,351.5893346593408,2
1040.9303132921134,13.048246837852002,47.00595452663083,25.99609178698817,6.272259178979898,3.421955127510529,89.79088396906845,66.44226441044948,Rural,399.30412627050634,1
1033.0116616160985,31.597328064123044,67.97155316435244,63.44459197672795,7.458319414534053,2.9020726405382264,89.43045334123012,82.67444660291238,Rural,352.23998048344714,0
605.7554342637188,13.984343771681049,37.843065627407675,32.46593596138613,6.938741116226533,6.477488351350693,94.61920972337799,63.9797185261616,Rural,225.3368471776187,1
301.9142412566797,22.082809998059222,33.27617738977297,26.75703214887295,6.093657908666049,9.908428373049745,91.16287035465393,78.537187086666,Coastal,128.98628235643034,2
1086.357079066101,27.75941785512331,64.56890884600537,66.25720613679529,6.3067272470281015,4.0307105167007276,88.19499254703354,88.60762524037324,Desert,391.04444656042006,0
955.0082778013407,40.59778836398115,74.93488647736949,59.52634649315499,2.528736969920691,0.2798420359792075,97.33074802831104,96.4004370887277,Coastal,371.9060960963641,1
312.1964130829401,27.274130311904152,37.28282414936907,71.61205937717484,9.846428399503813,7.832166727544878,90.38245805605999,63.056357221653855,Coastal,136.89445865290702,2
1028.757694355635,34.579056811108245,69.19637537522918,38.20969323346368,6.730243679321677,9.125816391448684,97.757446842701,66.74284754994906,Rural,363.9393363678711,0
982.9067258559154,44.748589364967465,76.84159943345854,48.597874228664246,2.0074184096040857,14.446770360626964,95.53306173422166,73.21332101429698,Rural,305.98577044053826,0
666.9542514134649,14.602119196429356,34.441860382397195,45.41037572478139,9.310806668201947,8.883114966089378,96.00786164407059,96.35874188679944,Coastal,284.66945474537727,2
732.1478921704363,19.615603393183182,44.46093220602956,88.80670979748857,11.223105751339535,7.120471134734314,90.11534570582819,95.06934284053285,Desert,281.02572505414054,1
559.1024334831172,23.81016264591762,43.69485479766699,36.91867175545409,11.394029341225064,8.643684225875786,90.45904146897654,54.493914005031904,Desert,198.28871916159136,0
249.2854749398282,24.763986248859098,33.29573053172331,37.11129287600751,4.7437039227284865,13.925719384944204,93.4733114151527,56.59649128769054,Desert,95.56872854245161,1
501.6775174813108,24.385737634294102,41.11251689024526,41.591115662145555,2.0584440459486713,12.44283436946453,89.80704845282355,74.77545886653192,Coastal,178.8199733789718,0
922.5681037382103,41.76638508947942,72.16477659892321,57.34455609677411,6.461595706280249,4.912383127120739,91.20703277317183,55.33096364027117,Coastal,290.86291793146165,0
204.16882070414258,34.99114255633998,43.35354366435491,33.924205819780894,1.795006137516038,3.6350900184913453,91.37535601845195,67.27904366743488,Rural,75.60739091532297,1
500.14925452202976,31.276682493174633,46.14764256155251,83.64674552844555,11.240855312895098,4.013240824254497,89.67611429915402,57.41926891087388,Coastal,176.16953896607,0
558.3518242318489,20.828045125197374,41.922414800999036,34.926417364969765,2.611165714584179,7.615873491756674,90.15441975064918,81.8020177565943,Rural,219.17989518044286,1
683.6560426441306,38.83266344774532,60.75619090243644,82.1861798670146,3.406807389438387,11.186336823305808,96.2797943410867,97.47477158695808,Urban,249.41020258548485,0
1027.8700547714843,43.42711790197461,77.89769934427049,22.76062977349385,5.17632005917716,7.597966187026135,89.75555647274632,99.83668851471907,Rural,354.678969697356,0
511.7113949293651,38.74193988925793,53.71826833055435,64.24220267997393,4.906391388429946,1.1101662978388778,88.29880261436118,68.76205662484574,Desert,210.09208161317474,2
512.2578817066048,10.054778681701551,26.981000247661452,83.02391388286827,9.638623262575724,10.881352436555716,94.60822689760386,79.95063185573062,Rural,224.1525480210401,2
863.7511232987736,32.274047956419246,64.45596218883227,27.656207879867218,5.747643436336067,12.108954917197213,98.24782275362072,92.81338267620407,Urban,303.6378121096799,0
606.9961468008264,11.789738350473526,34.06585966539037,87.62452200744413,2.4638349900383743,4.413518190283822,91.47774505354278,55.8731036398192,Desert,264.3547139495445,2
402.1443406459838,19.016252711680266,35.04814885834577,48.96625203116338,3.572913798089852,9.99547351532192,89.24588488356065,84.47822055259826,Desert,175.39566875070875,2
607.1955645194241,12.08336451217201,34.379494362219724,85.92863313307683,6.354803929656503,6.456219325710461,93.98906691635908,70.44218308625341,Rural,252.84720864240273,2
326.7713183418199,31.132840853228572,40.36249733813153,65.76150327225352,2.1957200504005514,13.347878400338898,97.51671921650428,60.3073080140082,Desert,145.10228620682733,2
358.748287855601,34.030646972241236,45.92525859853216,37.61901524051636,7.534040269929162,12.693860816595024,96.23264868819902,70.1376809373721,Coastal,132.16315688973177,1
648.5309954655318,14.00706733230668,35.145253915365366,29.122689368782982,7.006094025338178,7.928936774813669,94.53641661833352,53.79801434824584,Desert,240.8024942294609,1
577.0329045540932,23.434360906574284,46.29166237404563,37.78012846688246,8.719076638395963,10.403432632622557,91.3080932143798,84.77035742946529,Urban,209.2419080662468,0
1023.3613109612901,25.96827781344397,59.3923464042365,21.976305694700624,11.283603076862729,13.26191054522935,93.68974181940031,62.637133437422655,Rural,379.14659723030275,1
526.1545092049698,22.91685576163208,43.119658962584246,25.790097475749732,10.99092745266329,7.486183450166305,88.95807083369468,65.5702822522439,Coastal,179.30784178883994,0
722.5295152502391,14.235875016981757,41.31031579095767,22.849533025986084,11.37986960779156,4.767436033283447,95.12892695494703,56.05406491207314,Coastal,294.98432625536174,2
769.0378591275773,24.663172656561642,55.23873812945902,46.72076578061683,3.3142293657725608,11.32962545485276,95.61350819842534,93.23295569449459,Rural,293.67692245825197,1
211.78501092950026,36.29123167329463,42.88433387056814,74.66837821931898,2.013001026352578,3.3789871962919076,98.13283204055415,74.67221396413693,Urban,84.96112210911997,2
797.1836348150396,12.485268258663941,41.81133979635065,25.603766566225516,3.976182055709158,5.889114105290027,90.73417226682325,78.60734388932002,Rural,308.73878429324736,1
360.2323701827763,12.80630049286662,29.97773712234148,24.77403248792519,10.793479486812618,12.999335832891225,88.19379239995173,78.47163415474273,Coastal,138.32101406213488,1
1064.9632857225097,22.416995214259448,58.4554268606799,63.25717121379981,11.678614958170115,10.893892870012795,93.72888887648509,70.52465572706708,Desert,377.9745775930637,0
333.79645497780166,42.960399906662374,51.573195335820714,29.788723647604968,10.382236937310473,6.116783978187739,95.42130029616655,59.626495771906974,Coastal,112.79247613356307,0
573.1617113543214,33.40004263530199,49.70068246488772,22.32075285817437,1.7652037929667515,3.2996930858845257,96.29927849677138,87.25663742492,Urban,240.40958490062746,2
276.81470127077944,33.75344848353977,44.867387085739715,27.513643365418325,11.395421977687622,5.403929023400324,90.03425879676051,56.35281326788372,Desert,117.75391003153503,2
1097.1868266613526,,57.302438196355446,84.27985469075821,5.368617314534038,4.333151823488751,90.74840512488875,55.19368951394053,Desert,409.4522479320807,1
651.9755092981184,30.778127692298845,52.85263241185715,76.61034395821432,0.6070683437670673,2.7237303903634236,93.38220471530661,85.50725187982516,Desert,249.5763074987245,1
735.8465155880394,10.354591440971019,36.983845860630325,41.55484217663206,5.587528018604226,11.175660412128284,91.47130850468503,60.441851022599195,Coastal,266.61508511678204,0
260.3688296495847,32.26336162433398,41.74662173572927,64.18655754955446,1.0297954512678773,3.855841314067556,97.03537060916817,65.33863756764161,Rural,106.52961571572861,2
874.96442335926,41.96504316516828,73.43968771111074,55.29567552510286,6.754596093352852,6.867095305499681,92.97448161425656,73.76137335008701,Desert,320.5252824238018,1
388.91503378602715,31.44007139206867,45.496677286181324,65.7843197611923,4.393371315526091,5.8493057578580245,96.39557576307104,72.4675658364773,Urban,167.04832120569904,2
1008.2488604966424,,78.42589251533134,66.20033643470694,,14.732952941670899,94.09650748506472,85.42895625324996,Rural,335.72368435093057,0
384.62567643380646,35.33905694131329,46.89632285501892,62.15505112949947,7.551459148545846,5.927274437808485,96.11744648697967,81.17158967216805,Desert,168.04233272386017,2
371.6189485972999,,25.872217498117596,34.95760264029815,10.491212601904934,1.2917389936716466,91.4930663585684,82.21980811409328,Urban,168.57672405945561,2
232.8947010632854,41.58586575500446,48.1918614016778,17.92548155721136,8.11186812942718,1.4384037133240521,96.72987453026826,85.70271653277287,Rural,100.30838672852087,2
624.8602505989993,12.32553455245212,35.856026947142325,49.16750864925816,5.491561987499078,8.902230448160665,90.88300931328573,64.63063637117327,Rural,251.87972831378093,2
708.3570199363548,28.688861539171732,55.28215441373428,81.82304135180279,9.923420317209198,9.030516920900157,93.73403748403456,66.11666559002369,Desert,255.6181979784395,0
259.1377754855171,14.974799332771019,24.947072113401138,57.71229438889319,10.914194582091021,6.3395089581915585,90.24707468832568,71.8998873947777,Desert,90.82830504164534,0
897.9748550255096,10.409731375581643,44.20583863525433,77.42932812764309,1.877239613970268,6.534471015449242,92.99302847707503,65.3731086516763,Desert,361.25899683962956,2
607.9599512732249,24.771199104467364,43.69371566427748,89.37182572209211,6.6172292418571015,0.9035954843289811,91.34083969984138,99.24689344854318,Urban,267.43892945504774,2
671.951242394822,20.326424767895467,47.17916647481651,27.27121531037072,3.7718875370381078,7.796543004800007,90.80038602169076,90.70259632107148,Urban,244.84722699085017,0
596.6864722444053,27.010017282916106,50.940521054894816,66.88332293564866,1.041203775584895,7.62061818316724,98.15334268929439,58.23273441280148,Urban,246.32163544593055,2
560.6867547877935,30.20199603570928,51.29727644777355,65.57201802750185,8.18828699381083,2.3282848464984736,89.68077810761068,50.279707794093476,Desert,229.28509042194315,2
703.6762981773961,11.530867530813158,39.72313578456414,88.49665855187088,10.421863940781094,1.647206853052821,96.26692129330264,52.139163412363395,Desert,298.2676026904692,2
339.7162213376413,14.305115329331098,22.881936660793,88.92005504646002,2.3733805264900316,1.9412301099324085,98.33373207457376,62.20317255214626,Coastal,147.67108936871597,2
363.73531744574404,29.55248387576489,41.23432371384063,66.50089587930971,9.842757062674856,1.605320872719752,88.20896557927082,55.71456429184283,Coastal,142.37803935403812,1
975.6070589121656,22.010857361043037,54.68649750160493,33.27110939866457,10.314050935674828,9.184652113497721,95.339787847442,76.66690574462861,Urban,365.12507056953984,1
1051.5039159202695,35.52107206423068,73.7666677689548,74.89168785979493,11.01491509066456,3.0275915208034876,90.65557395834101,92.89976113636793,Coastal,362.1208686705561,0
535.9783846517777,32.83020770071789,49.48916968432582,23.027185065827858,3.5507785244896026,3.8463092675932056,88.4251221554472,86.83751104566137,Desert,208.7357362722984,1
443.6702058291984,39.59615270464674,56.63960020734366,73.55244781287215,10.895460249683726,2.686224947856452,92.23034057904462,60.78045315410952,Desert,148.12553951713,0
779.5995889151142,34.23724893342289,64.26430683344532,83.26470931085223,4.187621679468971,14.371746036282696,97.81978700679419,69.96496280128929,Desert,261.0052955429206,0
567.8607539882868,25.047587708655186,46.31311989841322,43.712504607632646,6.851887154738282,12.833800200962347,88.12353349085348,75.39471047656389,Desert,201.92542658046935,0
222.84772009431038,,41.921004034429004,62.29764712373103,1.0808359145712445,3.534373076537661,94.17279976526271,90.51029247516678,Desert,93.41339445915118,2
340.5373376295713,19.638341098939648,29.581401234173146,47.260704907261974,1.0046325162405514,4.980737779439677,93.26466302525091,91.95608015530824,Desert,152.0845316397878,2
844.3750059626577,20.720972457237444,48.58039573367974,47.832379124109636,8.784291946420334,3.2274033503444577,97.170533725896,95.4859155953888,Desert,380.730800885083,2
793.0315477191363,37.61448059722777,67.86982257799086,38.27781668310901,5.611519746744597,7.428951795966274,88.88201800246657,75.46226252514376,Desert,269.2400351874743,0
224.38639325313514,25.624683074055376,35.03690484572577,72.15972153377434,3.447362316746002,0.39219693386637855,95.15602331380983,84.71373732179315,Urban,106.94476477651487,2
399.7749457396545,37.94331191814234,51.857395980275165,85.21324231248789,2.689755204286467,10.103383332562256,95.14115183354942,55.59001856169686,Desert,137.9801985168848,0
407.96731692926426,38.784783078389744,52.22782007938221,85.55631444258458,8.204465144881008,7.8950564322828605,95.02534017705398,78.26444799769911,Urban,167.62956127189088,2
804.7034692388555,40.014681818144936,64.12768749528213,28.108596365620038,0.5046177562914085,13.489720031686439,97.89451219681789,62.43459047355675,Urban,281.11054693710537,0
217.73948397892775,42.08223325444226,47.561410356335855,80.60577372424245,9.767748445763823,2.5494509964933707,96.64241905457224,71.58584425133056,Coastal,91.52405849037184,2
293.69772378611646,25.08448271796537,39.18674122475889,70.30735810703416,1.4113704704941814,12.081227766310862,88.44071362555681,81.70252541533597,Rural,107.96561513902213,1
919.9244768358705,21.16033864123986,50.7967841884904,33.962805051771696,2.7021305714433734,11.900219115554064,92.94636993239739,62.849296892689054,Desert,348.3486481608807,1
360.69019584890026,30.376956130793985,43.380072627947655,20.04634596911359,4.941718545939531,1.9949997193316154,92.178507090114,52.609252889838054,Urban,128.11441643742967,0
787.4714970666872,22.991034820316965,52.56742516404142,35.09979501632834,6.0758755067351915,6.038532439747501,91.25654582145341,50.51169282043787,Rural,261.8236197171813,0
414.36450294205383,31.037595838008155,43.03050810497545,83.41561775861442,4.582443831860331,2.635274353053302,92.73903561411802,51.10797677722608,Rural,162.92120250620917,1
289.49725348341065,34.69550519253386,45.1973300140154,62.48840061718292,4.188189897319379,3.8953354568174787,92.03403894172277,50.41748687568848,Desert,118.16897046092294,2
418.85497189950866,34.09417564722479,50.6299307387289,69.07909956734039,11.585034138841667,4.022368004975111,92.53950594872599,55.51775282789377,Desert,162.33661034604614,1
850.0402386700932,23.109351045704248,52.885758042972014,34.28642633318219,7.878166334299034,8.387922270984014,98.28224958889075,61.97443572850649,Desert,348.4872428464914,2
970.1268212956571,15.840107059456349,55.531351916137886,68.95411166811152,0.7694789867249644,6.2300228832309354,88.9306462348706,61.06107570911496,Urban,350.95434052773237,0
947.1978781102924,25.068526846177264,54.88325406228111,17.109112970844283,5.447022947109602,14.221218779693949,97.68342413330666,99.33982970899484,Urban,357.14613579909184,1
557.4651766566094,14.990795042866806,36.619533285615894,43.14910093297603,10.562600047055657,1.9829151150103765,93.04248549144577,65.30030526044716,Desert,205.87567715946037,1
801.2766229135816,41.15339623143329,68.85247455861573,62.00650114067484,3.9667461437226814,14.608012809267962,94.54929357774517,56.371039167969954,Coastal,263.3195296421814,0
384.48586587423887,22.10571112582501,37.10655674109672,25.95724241559902,1.5873979649054646,3.536515739192533,96.71692114948578,77.2781272083879,Urban,179.65208794439914,2
463.83295723491193,15.406091152816332,32.52285895943674,76.7252680835201,9.221424873284054,11.615821652089611,91.78486180606718,92.89787276987542,Coastal,182.1822251805375,1
1006.7022366690078,10.890671596701281,44.658937485896566,32.6273474108939,7.469159067264934,5.150651899975038,92.51943003492366,83.90301883938376,Rural,403.99233644950743,2
211.70173115966244,32.60378352002695,40.47133689553382,63.92108346138347,7.058593840004795,2.2319127917179773,92.2999440429265,64.80410445677252,Urban,91.50978684361085,2
276.9576777690213,32.29158111091601,38.26929693003518,45.389785693149726,1.116130435485191,12.882548860168974,91.93467573662548,78.08080798957275,Desert,94.30266066971863,0
387.0976296314246,21.92114583034521,36.67605786858786,59.70326966082354,2.115738612648449,4.702027398623302,97.7180578772924,85.74279871002045,Urban,177.93876289586413,2
223.87898348643773,12.509916109667785,20.941997463674156,23.05879144716811,7.659318056450808,9.91694552297995,96.70376385752662,86.40522461838711,Desert,118.24203071089681,2
363.2918915808176,24.337011321333122,38.329547863947944,16.268459994120548,2.8899741767766116,8.540010907790736,89.14449989356125,83.32692276488444,Coastal,138.55008204010957,1
724.737404872723,20.892612327218774,48.37465814793838,83.21733205352258,6.29680591710688,7.129169009924027,89.13529520100951,93.5405212387809,Rural,260.5295339149787,0
579.2820955332481,33.699222390725325,54.70933541480843,35.22225065753871,6.766139389338025,7.487710142463232,92.4926299059564,93.50527291720522,Rural,219.58986888486055,1
1003.4045399692774,31.202273730844162,66.61761146936543,76.47577520853443,3.760332688115803,11.010344919975084,89.0359024556945,78.94682797035017,Coastal,307.1909660724772,0
935.6992055645968,22.7607804869139,53.748116008352206,89.95127253541501,11.406889288727168,1.4078164204392647,94.50047750034676,71.49281845556061,Desert,377.65258263908663,2
507.63561652808835,17.626239398924653,33.96904445010965,30.857344349918336,10.188337228609115,10.055891863172787,89.5087618762482,82.078514778255,Desert,203.87472482494692,2
433.4810900881632,44.581258815445715,62.12656620888609,34.88780558875167,8.807295337777182,13.447600310838823,93.4849192716514,90.91060006852317,Coastal,173.83967587863825,2
541.7231673505403,25.890056741864022,47.723038410544895,64.71448407259993,1.3969294637082044,0.9610441355959759,88.07580944353904,50.28260524205923,Desert,201.2718941647109,1
731.265448263327,34.08959825230829,59.20766806890063,87.40864759504659,1.7204952220537235,2.1957347545816344,91.32426165833279,99.59985045074257,Coastal,285.8660713129484,1
441.2572767405886,14.919353865242627,30.45536404566978,83.68607611430579,6.166985477446991,10.777815856860268,95.11050259856289,59.14468861645996,Desert,170.3935949003849,1
761.7340170642207,26.995639488078922,51.84710133533911,52.715664004918864,2.3482035156963352,6.615496558844802,93.0824088723924,73.5124492829988,Desert,287.3325595717762,1
568.4704869721163,10.963785195431292,33.20576592999025,74.63327118950434,11.750052830588952,6.1128744501239565,98.27182960298937,93.60148674214334,Desert,236.4483198606383,2
696.8424627667822,27.690929126865747,53.41124897108668,25.180938982492577,2.3229826913152087,2.1408028547091145,97.17808985869522,61.25201995220997,Rural,279.9690509540756,2
592.513876221785,43.74060924911958,68.36102978980956,88.30786381530092,6.105880107835701,7.6508736066950425,91.77024317995308,73.83976119501916,Urban,201.91335914209765,0
465.0191835877259,23.44723495450301,37.96626022571394,87.326492552699,4.687392153677313,1.985525136826021,88.47760868545889,56.62910900905896,Desert,186.46158610559607,2
1053.607976265941,11.364860440121905,47.485123811393414,27.279671840937823,7.852943846722127,7.201644799027052,96.8790761512077,69.75381626940963,Desert,417.1114998502434,1
887.2452147437847,11.083452682177024,42.599927043260635,37.456734360233,1.9839187022283866,11.477867954528685,97.56796025830405,58.856772739650125,Coastal,353.266412568718,1
326.1018581898073,23.579536598140432,36.286080710235225,22.51162481300752,5.448638922487495,3.9481389325187366,96.61658763089989,68.18138743855785,Desert,136.60132152570856,2
981.6211783081216,15.60087277621179,49.52627874190078,35.37881991736348,3.659107877282152,7.263713905877936,89.34347437965754,68.6732108396361,Coastal,357.01337133837404,0
638.6880784245623,10.817323371486507,31.42548393543879,76.1966842061405,10.709142533724412,14.881037944012851,98.47810891132902,99.65853947991664,Rural,273.4302235322762,2
1005.0970042046823,36.46747648825619,73.40868669326721,43.37367053739446,0.9667356895489935,10.331091307975155,90.71513432630412,99.74065146518862,Urban,338.700864338727,0
919.8697303525837,26.048305310866173,59.68601659829777,21.62977253600688,11.00786618107428,12.636215892447458,95.60415158448788,55.73931393303062,Urban,336.66825406871715,1
582.6921540223101,20.12356701904291,38.68524420869631,40.66691435841784,10.079432593359504,6.281229337752132,97.53436620152507,86.29843896641736,Coastal,249.77263252497053,2
220.22237748810565,41.502911405576825,51.921580219871515,88.603750068096,3.9220632390693777,11.541127754575244,90.47471470047245,52.587273983455056,Rural,73.08879670033014,0
441.8096234464515,14.064863607018395,31.86859784603741,62.22626964444022,9.576842528786704,0.7035866768256953,97.5367148241092,51.50960076685943,Rural,195.1385154169173,2
687.4707931947803,43.457159013436176,67.78722976974908,46.21207098046183,0.8589559438955969,1.9313766198794504,91.2495565815461,55.26669471224822,Coastal,234.94342024920124,0
770.1303978435326,20.988835108207347,48.10259475748307,27.49038851229525,11.618953828374027,3.125751834508926,98.25233883503259,98.2742828503967,Desert,327.84267890914396,2
432.09891688988205,41.09412853080384,57.32570616418153,88.96325979627711,6.555841839782578,6.089083676766771,90.95323021399498,97.04317739473487,Coastal,186.27083747814473,2
325.4204666655417,31.103000676781154,40.769310869562595,76.56367569473466,3.9877317997526207,12.70159868705387,98.01107615995727,59.69639101403402,Desert,118.7386089950298,0
951.4372131193692,38.93475759095206,72.29512300845815,36.11079768381896,4.6697069448387865,5.259364156740164,88.56221883437308,58.08361677768558,Urban,309.8298816033771,0
1085.961962633197,44.44046071236625,78.14436231530979,20.255152179089208,1.2636615647957197,9.853855783380396,95.44735612253304,62.02675432579735,Coastal,358.26922744060516,0
673.1211640724173,20.0941903236561,45.40634235719658,19.246916803316854,11.877519411483451,10.668782992571902,93.58716690528854,75.77734970375711,Desert,256.27110296755086,1
354.51135726347314,43.63974198926575,52.92465304860359,24.028361212915037,0.9518573692329633,8.834117075916287,93.01770930978867,78.4852316017705,Desert,129.45331216954742,1
445.07659386743205,23.631866321584713,42.21638676380284,58.55764377108162,8.031431916200379,5.422905325735029,90.34669029968632,61.079671521972365,Coastal,175.27852755179023,1
216.55160889272005,23.49291666579228,30.411982789104584,84.65725659041193,5.59146316862427,8.69809479153181,95.40875579265317,87.83113940449726,Rural,72.49465182342817,0
1022.8689259044492,21.9135486489077,57.29062709170107,52.25575710044883,11.412536509170224,5.199757332567218,90.00349966018622,65.47765847013254,Coastal,382.7678631911479,1
305.975974601127,28.949266257165483,38.40295755603592,78.22091118421478,3.3289970135281446,1.34971870442498,93.80483885784007,96.10656627647052,Urban,140.33584396081065,2
718.8648279628283,15.395076511247048,39.97926774210188,48.44149648948559,6.61899847528713,14.892779274971614,90.65907631192263,82.83613532283653,Desert,252.82918995238018,0
446.6496986184854,29.379901987530392,47.84970412947346,68.14376593258689,6.047096398701659,1.9950185591244127,98.03402448770424,71.81755971518058,Coastal,161.98149832532454,0
698.7602022642141,28.95966843435014,48.44065820052747,69.89045529648756,8.582964106576165,1.1779909191572546,88.30062753527436,89.49560008514227,Coastal,260.19176879563383,1
786.2783495166778,36.66656344117045,66.74023644643056,28.047277942750398,1.2821176674528358,13.190108163186624,90.09714694116798,90.89573130233325,Urban,260.51709458418793,0
946.7676233364815,39.17774866781549,72.99066244679577,42.091204423185886,2.728574995268581,4.597336447304137,90.5442613670682,64.52408028044718,Desert,352.0367189975398,1
385.7791445845429,25.41544726093484,36.503674025679416,62.79766174035179,2.967495431067773,9.789424913695264,92.34771217056208,66.98572719180422,Coastal,158.47422065457624,2
209.89624579263244,20.58166372730228,25.77740754394594,20.302245613827463,8.988733680679431,5.002185371967269,90.44366753963556,96.79775768643017,Desert,68.51879969034098,0
323.19706706192653,19.076721406098308,33.741404807682144,42.11551408222174,2.675095007757511,5.93266863483762,93.15916544782225,58.237051918163594,Desert,124.2729204155621,1
1010.0167776632945,16.811834284670518,50.27140774300037,55.10995997108943,7.095155284746232,4.005483283050268,97.16088799421466,52.10752084814671,Rural,405.0848070343495,2
986.5010698062637,12.017665376965871,44.238501798993184,89.7168369783479,2.9753039357609676,5.211355686315851,95.4766659247963,72.70276613047746,Desert,407.4250291226628,2
737.6717919532774,21.98567925921497,50.07882106230914,50.59001719668306,10.408686925965752,6.219435968739492,94.08960079561867,90.06049501218145,Desert,277.42345544771297,1
740.465174390288,19.458669224577413,46.05205608080932,76.20425678357427,11.335132726630842,10.834199429475909,88.93453336881814,88.58340531553729,Coastal,271.7525747203732,1
798.5330070916299,43.82460850532426,69.89741260045851,47.40504637999633,6.462669211835765,7.721889294098397,95.28691713808739,95.97653144564163,Rural,282.9921693986843,0
357.83415076110464,29.519808918751536,42.47725414619944,74.72930419647817,4.55155216840555,14.159121735638957,89.74734998526486,76.66003321845201,Coastal,117.19825518521165,0
1022.9707513324638,22.154696366067764,55.90716729542345,59.65611012150813,3.19166441270124,0.724017868197755,96.25685755259784,55.003233578326665,Urban,410.69082873262863,2
576.8934724028659,30.31636603477936,52.70928036572489,81.49465811267987,1.0724815175150033,7.5957180072172195,90.6255959643566,79.4344487168008,Rural,223.17601963335295,1
544.8246754245476,14.871884547099341,36.063490116704784,45.82069142625824,3.5877508762711967,8.8049493535926,92.37901164736945,88.91978071766059,Desert,231.5094726988578,2
667.0259347545538,25.541531222077104,49.951451336130376,60.322831486610916,8.023711469371156,13.810935092506682,91.67993712433824,54.66640601349132,Coastal,242.49779936974394,0
242.26937009754954,31.918201249737233,41.1209513256455,62.251401046412056,6.636594710055925,0.832462001959271,97.017546104086,58.63287005487949,Coastal,98.16473498551836,2
349.6550318804715,27.111424112735797,42.871726478287044,46.303720635035496,11.356474700230665,8.645143815534718,89.32871681649078,50.61453305778355,Rural,137.22455398491405,1
864.2302547837334,24.062258022901347,54.309689595108466,25.823403276561116,5.057188518654557,12.81908593506656,93.93927126504028,79.68262897234052,Desert,320.90211217975235,1
274.5188011326138,44.78469361148944,52.02910340028932,22.016955518425167,8.479428436776537,3.7047231489766252,89.49164689915216,94.33671959729523,Desert,106.76886432145294,1
742.8368985197494,40.81101667521244,67.70925594906828,16.250366294972483,6.127211595963896,13.156755993006668,95.40035627938796,83.53316580010497,Urban,253.07664858641115,0
420.81419871318883,31.819208535580405,50.719799589616244,80.5150698183911,6.394626483128434,0.3837467981869481,97.50332034184206,99.1020043795491,Coastal,175.61936241168823,2
550.3660526377789,29.928207641379895,47.16150049733046,32.73561841790209,3.5794046179473513,11.013573974092573,92.56338036560616,53.15168262498808,Coastal,203.6588001032035,1
459.82436309362987,31.72311679386044,47.09404396874952,30.863006196132602,5.731933933682996,14.00338699541293,93.12496873278225,95.15005425757481,Coastal,203.20916429730292,2
520.1054448184542,17.045923773785162,36.08250641863396,70.20265503195492,5.914027465646133,9.892245158436927,97.73793978306901,90.70341436933404,Desert,225.83706960812174,2
847.1413146658209,23.829821014251152,53.371957329543406,39.001208481554386,8.62638900011274,6.641535735308675,93.47040958081826,65.71207602497525,Coastal,313.5721710208014,1
467.4095440608575,11.381083651181477,25.775810532556864,52.95335193088774,11.317359990640309,0.7687271454434986,93.11978359952039,98.67632759186259,Coastal,203.40767254579782,2
709.7641762672074,26.644111312038934,53.72957319385213,27.188329897309224,4.287194691048799,13.80969581850717,94.07245557839519,64.39688740857075,Rural,249.6137731076844,0
628.4453619791897,29.005860438518212,55.64152955182438,86.98092910964769,0.9853053886849321,7.107413718104464,95.23691223181099,94.46523619141092,Desert,272.1739512189179,2
797.3040488263833,17.971240763612336,46.26914539058357,78.86860500129279,6.207393943257356,0.5320514906056254,89.12227543841382,94.03742885370947,Rural,314.10760970541395,1
1043.1467653922823,43.74100965079298,78.44300986005086,79.78422172237525,6.761305319715439,10.378333962798552,96.62166054128592,87.88288083014862,Urban,371.0642727465447,0
859.3148874892253,41.83091138280347,68.80901139481941,45.50803114290039,2.4370663380170257,7.279375078286247,92.57280278825922,78.1735236906426,Desert,297.6919973010669,0
393.44634073168106,35.27501324095671,49.56158712900791,72.17709102803795,9.245342972174766,1.95274522989192,88.7596593539236,56.0001374808444,Urban,150.70492860099478,1
228.06482155515621,28.66853200678769,38.85855544785067,25.79071165423351,11.826684747077154,3.2926499587228677,96.25491802658124,76.59858672482491,Desert,107.6535727150087,2
436.03763986984256,40.44892058766897,56.660573476104226,15.646425194383522,11.376409245597301,1.0609111387921095,91.95797470270585,67.83981278274672,Rural,160.16004511679733,1
735.5701376302294,14.572832033821202,40.31297916904152,16.49796994335211,2.766719446472,8.656973741657746,89.05385869849806,89.6108516577676,Rural,275.8556944167893,1
246.2832321358253,37.66784279962097,45.10921262079624,58.99513030534203,10.566677258858748,9.368239240854937,94.65467991520413,87.90646032484224,Desert,118.07380930760813,2
646.7296224811128,14.36872848883969,34.81993801024245,49.15461789359556,8.601676818734374,7.635560245496121,97.24137921105324,95.53062536863027,Desert,294.1022491928566,2
737.1585640252002,37.79737318922919,65.26742558276096,53.85115116813898,5.719235483779483,12.274821781738963,97.32141184884685,50.74150812158539,Coastal,269.1340055437565,1
500.81950173526474,19.651864888797494,39.00809069230293,15.559735531291455,6.717026434734384,12.929031437489403,98.05546648549422,90.4551608411523,Coastal,216.69278026926025,2
893.8209833712398,40.69817033563661,68.89044518024853,46.70149647430693,10.270402012298268,9.272803510578587,97.11090732755022,96.92310265623344,Coastal,336.35570358189847,1
295.9384278203946,43.04147328388893,56.57899621396411,68.85511209006455,6.021551805841291,0.29007154764071513,88.02247965312749,89.4650224554075,Desert,135.5676253995161,2
267.62400356222787,15.207858929179046,25.722841495645028,48.20202764755769,4.791884744708959,10.45892187064126,91.99253224734059,56.50972299351834,Urban,108.57113313978105,2
855.369880583243,26.193646177288773,58.93078128799387,69.91644047341667,6.172346169798836,6.328188332113238,96.59469708900778,54.063955242044386,Desert,330.3946606695911,1
645.9421845855786,44.334558235693976,64.258279199219,32.47642232976261,7.159992746403065,8.526806500073166,91.84565656298398,51.04226199038504,Rural,204.7320200112481,0
819.5621567849624,26.91926025906013,52.872287435702944,75.98565033612941,2.6743930184510116,9.771300970081377,94.31625931698692,81.43726129140356,Rural,301.6807401773893,1
591.3446047433716,40.22416328800908,60.6232858344925,59.13234303400892,10.860438898070393,5.318525553473443,94.36632794743258,81.48363259299437,Coastal,209.87844521273965,0
421.76182991519613,30.605603274596195,46.37283617541845,30.807232457242968,8.253149911540559,13.764767727059734,91.83276569240765,99.34568571091062,Rural,174.06025990743964,2
937.1920859067798,23.136546777186066,59.53099142977729,32.754035689037465,7.782592549381122,2.09622551457174,97.49697623645352,69.90215870520478,Desert,342.95676542779375,1
919.4742910720813,20.00242444340546,53.596182458558566,62.10228484271528,1.6442066010773386,10.105525928487458,93.28389762655424,66.59531424487483,Desert,333.8538607631015,0
825.2268237689841,17.112808188013055,45.51038446630344,77.24546949093326,7.448000288984805,0.1649577413530484,92.88023416234375,81.22124635921962,Urban,306.01522222020805,1
444.9306235069664,36.662936698219404,50.18277010563145,46.17208365218664,1.891047615742662,13.877301470537194,98.4738943294499,91.2804336253797,Coastal,165.0579543079195,1
731.2076001821783,23.528917738805976,51.58118489062052,34.372532184569415,1.405023264747089,1.7763115852475635,93.18175382276247,96.83869747615009,Coastal,291.00116252719386,1
524.8765072460242,27.89464117702629,44.335908079135706,80.02587051829504,6.564075299887523,1.513775029198862,89.8731816452501,90.15620830895193,Rural,227.90986834825526,2
282.4238659939707,27.23139180004137,40.37316421937499,65.19512188131262,5.132033641534692,5.061813732478439,93.3872289400661,71.33369903079024,Rural,119.86473981040257,2
1025.5822179160186,30.204766023159593,65.53137435100723,48.60641154623074,7.271318106796567,5.666137661982301,96.54717572295927,81.7457117656032,Urban,377.99311595005156,1
323.1367678270652,40.29520009685933,54.78615111604231,51.59251464594764,1.5260549326582438,3.293071077610892,96.15703343243196,92.81496633580585,Urban,144.34535504858894,2
1055.2136184387223,44.32587702542003,82.61621625089387,30.31923509522973,5.456305222743472,8.818312747814158,96.28010853363895,74.53048441558697,Desert,354.9847385224761,0
601.4051956621602,24.265447300083594,45.04063816937428,62.01019725486329,2.5100472230193165,6.699420060825257,95.43424973197807,60.83433218526963,Desert,240.53825795159716,2
366.61963595475765,38.963162273720606,50.75605678848487,41.90568829071665,11.851650988127341,0.6092162767122025,90.66928720520022,58.48617198739365,Urban,126.97646310065572,0
687.7108526405223,36.758472812915116,60.14653690064124,89.6733882505762,6.953227443004505,4.862815727603979,97.05188290132243,50.00788722890284,Coastal,249.73578382025977,0
985.6512522887674,30.073513300945063,65.4279405158024,51.013763644641585,8.405523900819974,12.17545041224024,97.38115638645078,85.91189974906422,Coastal,350.2217910933285,0
859.0023977686051,43.46165002641766,73.68104694075427,51.44142046422099,4.242310227849989,10.376552869441841,90.03860331449476,55.55486044229953,Desert,274.5884447611908,0
925.9050330753048,17.0166080434941,48.23566138499236,57.43888405580039,1.5894975199624577,10.90057571834022,89.36978418378963,62.19195498479702,Urban,332.0843481247507,0
792.9050300396456,13.82424736083675,41.24466059158908,83.756700233906,11.72251492201067,10.5019421688445,98.24385217018568,64.89381657613967,Desert,341.7462955693822,2
823.0489080660673,39.888668843439774,68.85253468519043,75.06135748948127,3.791978906906607,4.733498018607196,97.11740161832887,78.01899300683841,Urban,313.83289220386035,1
964.2760864087874,25.37024358218119,54.86243841765912,48.834755234838106,5.373794129496104,1.5849924389439607,97.37897954570444,69.89786386478846,Desert,361.17096063803444,1
424.70120797326734,39.64390989724711,55.42478840588887,68.90244494795971,7.973435099579612,4.15976104209313,97.30695203855615,83.7336996011581,Desert,175.0691416201276,2
640.4824672788264,41.25815718183952,61.715601087164835,58.967662408557125,0.7840189233902798,12.493600972758873,93.68771165235415,52.781932966435136,Desert,203.54078191322566,0
399.08849763764204,12.1860157766675,23.847448387573483,51.92752865259367,9.8179800009488,14.70901488696776,94.7872182349909,56.19695971322197,Desert,149.42368617487617,1
1088.9012071969823,,75.6581202621851,29.42368295882629,6.670649185329133,7.458320519649264,93.72630994740324,74.96057517666334,Rural,363.422582468577,0
1049.653405717952,25.691166937929776,58.841251142322314,49.79521975911682,3.6994976512914546,0.2445352883533291,88.53766666649845,66.8482393923415,Desert,377.1410081090905,0
235.4841302316553,27.865137115148126,33.396186667031486,33.436394026693094,1.2084918308633963,2.1866677008000126,95.82778239620411,64.79066813756799,Desert,86.38331476857051,1
835.0176552641196,31.930737888262357,59.73831390724557,83.6131612388741,2.368731777956077,4.89900057221236,93.30598635002674,53.35140395187614,Coastal,309.34279315877365,1
1032.7234856740993,42.423391235553034,82.47523150919965,40.15551101222602,10.792889376814525,8.720921694034951,94.80094528529742,94.78595873740008,Coastal,332.3161467661955,0
362.5178106146002,10.66906330504174,22.30542732476234,86.41980109000292,8.389278575262747,1.2188953224991783,93.27771795224312,84.59092930625255,Desert,167.9276266979817,2
711.1507074973665,26.6895213911236,51.9352963660675,54.97914675710334,3.373869798824233,14.156023750777235,93.16401888438578,56.08090784098247,Desert,279.53828431091597,1
1023.9394678292376,34.070271485069625,70.70911563210561,62.365828400712026,1.2544087968678397,5.53974673193757,89.80378564951656,53.25229788685703,Rural,326.1405224144906,0
230.55138072721897,35.294743519438,43.62617221732236,55.72053333669958,8.442076092446317,13.697504847079863,90.92649400898206,98.74362667156215,Urban,83.54389364174627,0
827.6782405221559,34.23863510379878,63.052486600622245,24.703546272502567,7.082688848629299,11.729774861079624,89.66795326541154,84.05862752197524,Coastal,251.74906752994792,0
467.6141066352957,14.705229529284265,28.681135734321124,43.18659142559557,5.151974531269703,11.356015360482159,90.05449610406609,70.87280355468707,Coastal,180.42746265314565,1
1031.9565758388774,20.47884559300884,59.499180843927974,22.435958420821795,4.681531665685734,9.140121738755257,98.2162624944132,85.08655203778923,Desert,407.37093283976134,1
1073.9524206488309,22.555043389595472,63.75777139958033,61.72155331375363,2.9933641731847453,9.439078874072484,89.60769118060809,87.81658932400796,Desert,380.7947044405031,0
1049.8398402020905,38.15530226878268,71.53437928761048,48.51556464003292,8.200529450181453,9.606248204722098,90.82733945520468,88.99811011943896,Urban,356.0714140194184,0
626.7927949917174,19.756595534509355,39.646286177446704,73.34887286782026,11.66268231962951,9.467948666681174,94.20119140625515,73.89386528265288,Rural,261.52731707447515,2
975.8383858903821,17.37467373535211,50.96939655676148,31.535286074952737,2.5207253271234973,8.350550647835583,94.40687505048474,71.4941379062424,Desert,405.3482104778177,2
960.0944586815633,,75.1849111303677,27.342454382200117,7.366841130178289,14.797568875395045,89.6167283623102,50.55140421344502,Rural,311.30641610523566,0
487.1904259189301,10.31021497897141,28.373810993045694,45.474917322282586,5.378128141078727,11.011129454642871,96.33403297074473,96.3278557570919,Desert,204.9417766162942,2
946.0239267356096,44.92372994886924,76.57802297980234,84.49390374137859,5.636920300063647,11.676501187048565,96.24463011308467,80.16539391944715,Desert,305.3703937689519,0
233.30687124394336,33.688745460008846,46.18459808916007,68.28163612593087,3.422693721469866,13.099695944746745,90.49183589414086,60.1576968594984,Desert,78.7690898556472,0
736.6428906338477,38.9964254807191,67.16002384159097,46.4192718594689,9.989051070106319,3.3130324646151528,91.03099617809234,95.98017097107183,Desert,257.35067691665876,0
407.00795355893274,20.31167887211676,34.98210530794384,53.79541273157329,6.080439447693273,1.3486819705164057,97.84887258732472,95.74659508851482,Rural,192.2077427601682,2
308.51019719955093,10.5010347183471,23.352864146970845,21.315975838282377,6.749167300280037,7.29512710531912,96.66955018278452,99.4592082183048,Coastal,126.03676253665273,2
269.25788146628827,35.82543314965355,47.461259849688254,88.84319222820848,4.004750497169246,7.75980236472717,95.3268688471565,93.70282815694894,Desert,107.98492462274105,2
826.6598982903258,39.19506089502365,67.00026235906857,64.98054785211892,2.590797355169922,12.454808521253774,88.86344882586131,99.88921939100324,Rural,286.8712071995463,0
505.8874673912595,35.91666461837317,51.99029148798333,36.40530513475669,1.4879694643324357,6.712375331306801,92.39177284947705,62.23430940616363,Rural,188.64463972752912,1
852.2900943758854,14.99976005552935,44.98619948462464,58.93562956614333,8.712370120636534,8.60571008061026,93.87266965680668,92.1124792599617,Urban,329.0244262306928,1
258.82070671904813,36.369977278993915,47.15197426315649,23.21117745517455,2.7566942394103395,7.9533569838505285,89.96781852382966,91.15141543978822,Rural,112.60627579607586,2
483.7613040475493,36.91229737376743,54.12206381273849,87.43775016056877,8.435866573171173,0.6692214779851268,92.70637911213636,61.54701796103669,Desert,165.83732361660716,0
685.5421631378035,33.048918048451924,53.88890079389306,28.108874091252446,4.9893291295399695,9.266701959294018,94.31077171363124,54.921877450049536,Rural,249.63805347793001,0
911.6508483550672,36.814057647845516,67.11618845237119,63.60227385414106,5.281410211380992,12.437844958036358,91.43745514121169,98.97102568387999,Urban,313.19592346415465,0
486.8772526388629,39.60725038872063,56.500008503892076,33.40908469041978,5.895541205066874,2.4467581663294773,96.19992059898011,64.80122757603051,Rural,192.95974410991894,1
763.3022387933082,31.476143998311045,58.040391147425176,68.81710369864018,4.728647843466747,8.955542835506277,96.82472060720745,93.5445895233903,Urban,298.40446989429654,1
997.3799734125685,13.101164988938766,51.954548411958285,73.26160254302107,1.657129738059786,8.944797112251575,91.39789942905774,50.206357733730194,Desert,367.13213314558703,1
754.2768693640741,27.06697333835238,50.69468788129698,65.50647966835746,4.060765815032727,2.5463559644397455,96.8059001221708,51.05124036098011,Urban,303.8070735637267,2
409.6635272782704,12.717726713506178,28.067128651917393,61.08745951913944,8.132945147980292,1.9396072485879667,89.08755394408166,73.29356543481842,Desert,167.32973858881053,2
221.96070340088423,,35.01085692182261,81.93518204640088,8.156520616892017,14.702773950349624,96.79615553553789,61.935734196753174,Desert,83.43366760566776,1
983.0889865108369,24.248727119396968,63.19974113812185,20.897003324231854,3.7915795332599354,5.966415627830259,89.60387953250998,84.4920641717982,Desert,341.83833382719706,0
219.14246976534844,12.310344544908455,19.171536140327728,39.81860743351464,5.791180205413411,3.4885837579805865,88.87073510135212,78.27821627839772,Rural,101.65681472514858,2
987.2315054157795,22.208718688931775,57.74468028392446,33.621560972313446,2.724643122137281,2.6527357123701867,94.73864174663062,53.87428987252457,Desert,370.4235305694069,1
676.0434206244909,13.884933457696018,38.68597389395049,89.10104715490662,2.9192789375931114,10.047265532390202,92.95534234043059,58.13141481578585,Coastal,272.8647780637263,2
1045.1609286616067,38.28823235032277,75.2598283165856,44.20423347501551,0.7650415166759852,9.180734930176454,97.53285130433474,69.40246350292071,Coastal,366.9267848110437,0
918.9049121962988,43.16908090875648,75.13306243314832,69.94595244302991,10.812585323939063,9.688926632512521,91.81348655895391,59.280203197771655,Rural,293.2040052629241,0
1098.1406994800036,12.531076634027851,51.83795189482807,66.35438729107534,2.9231266483614213,1.4112898099206388,91.01509876609511,89.61111736219644,Desert,440.6287829712398,2
515.6406339065392,43.42903225520955,56.41196227149905,30.90609281080333,3.1166395847693282,13.41366529412671,93.25771651451409,70.803511777664,Urban,174.83667576108354,0
890.4694600380142,28.29018097678608,60.82075105824184,32.924826015866344,,5.90006931245482,92.78743495057094,54.671593342124964,Rural,329.5133788536025,1
561.737822248318,20.484798728385584,40.39797831440065,36.096342266477556,1.9651928244974335,4.769204155812333,91.61649448528047,74.21714511360625,Coastal,228.23443911224393,2
631.888058273518,12.690172634665723,34.361304880682326,45.83454586945344,7.851523156585673,6.989185563991314,95.28428363633245,54.54190905307071,Coastal,254.19285390420237,2
764.7549168965331,27.521849382464623,58.3819958652824,32.57437992378951,1.3641439615422455,5.9119843796396605,95.97539925609604,56.446865270990855,Urban,295.995050838397,1
986.3094027677049,37.808044057176204,70.97900511646478,16.473861206013584,2.043327902753028,12.967297346773274,96.95633167481644,61.980491601410264,Rural,345.3568841039455,0
1085.6751222793655,34.748026704334436,71.94050400598218,80.95447926053966,7.914702355786068,13.945988530448592,98.2149943494586,92.97638526237449,Urban,399.10070870968184,1
891.4460724780664,11.757910401239082,46.94162954238088,87.42073735356631,4.406097135536592,4.621452925099132,90.79989001739129,96.23062661664859,Desert,364.3278642927391,2
575.9901039506003,12.551564237876622,31.047095266447922,40.6177790273676,8.641400007063675,12.972643531153327,95.51898156614459,91.31288646660346,Rural,246.04246148431196,2
579.2213020493632,24.100564892142298,43.273079897996936,40.388015956910465,6.910384563706633,11.7446946300427,92.13971147270533,66.70386087089236,Coastal,204.3170487679891,0
863.8240714300024,20.335167291678015,50.274958944866405,15.531885958077824,3.4442434902074,13.96903431793695,95.10936070548664,63.622322055441586,Coastal,348.04137554765657,2
414.8994311914721,18.133451306961675,34.3364003629223,66.01880162477806,7.9845214306272725,3.761679651569729,92.99780774866682,77.45778453951196,Rural,158.53474132436202,1
299.4267018182552,19.835157461804975,30.730697040150538,76.90799218114716,1.8371473233681275,8.696691336802589,98.43461757906329,86.09265802665561,Desert,143.68790024475857,2
519.1599418766989,,53.7072432867709,25.995622527000236,6.66871940542035,4.1907143126326245,95.65347242580287,99.66863940800874,Urban,216.48039781485824,2
458.51509248867353,42.52298187711489,57.50667298796409,26.974976202536304,5.527203208017898,12.379007908217176,98.00115865456041,56.57853559394631,Coastal,155.44606780801462,0
466.6773084103911,24.178594308464824,39.297591236404095,74.25624374785784,3.580546202400569,0.17933043950885746,96.76718026955245,52.46459995119022,Rural,199.89631958848406,2
410.246975944919,41.713885074637396,55.918087142263474,61.22180612656085,7.4460574740042516,8.515805527007302,97.4804606172154,84.71779444976355,Desert,160.04670960739398,1
237.8838706727257,21.25234954367587,30.429972334480926,18.364541822078777,10.52033631191325,5.154131125951578,96.55140157075408,91.61128917519528,Coastal,122.13257985323474,2
216.08654126007244,26.675294522032708,35.074734977911184,61.69102428467112,11.987404047275382,4.9079872354595215,92.82117086894706,92.31743899332116,Rural,82.86939908382291,1
1088.9501507624284,17.91101492355999,52.47224669214818,38.16882921328245,7.489271840549382,9.709104225587263,90.64377876014228,83.92317745385803,Desert,396.61626099009027,0
584.9958203622762,32.41666147615454,55.019397163955915,42.65438666031345,5.154117554785457,12.787118294778509,91.88836184223048,97.70079020595935,Desert,185.19802879925973,0
545.8939824437135,44.26433903111831,63.875766108641535,72.72985637226601,3.0898816524863184,9.17701133176056,88.21248044271948,75.55023817722935,Rural,205.04648410663947,1
811.6825544237629,31.122258361518252,62.300211861537775,75.8201394504458,3.456605028043785,12.812277381836164,93.50192825837901,95.69073991681063,Desert,277.60479953462965,0
396.42849907855776,22.52349294397421,37.28688706630508,45.0267470129873,6.013732248722305,4.042496967027346,93.30310690283929,98.39060684957616,Rural,172.96200212225568,2
1054.9650655552027,32.67361060966849,71.80003381957212,86.0364702004766,4.723693564728157,7.840577635998218,93.51512988072012,92.35787285015539,Desert,371.7317869069322,0
907.7105129739969,14.302223746288565,47.00518232327871,45.48470384640542,11.008867010186858,6.8129944320994325,98.22732786220666,65.48792816293103,Coastal,370.0020815624217,2
280.4699020810336,41.10306780928895,53.61196589453063,72.88770264225823,4.73539787804066,0.27350900259613364,97.57026703627581,59.81078255851476,Urban,125.0682712303637,2
575.8226982064355,27.607938277294274,48.80623398655507,51.29079484231943,4.794612798172508,8.396500932797027,89.69798417246614,77.40600324909093,Urban,233.3830433820552,2
991.2064768059482,25.727240971387474,60.22363716670986,82.3149244891563,,9.956712429778007,91.87326647633684,72.65073751900943,Coastal,354.3615758628302,0
1050.2588200622693,30.50526759587317,71.80919573894636,83.08209327376339,10.121132419228068,8.919524625844144,92.45153988436425,93.88791710963665,Coastal,372.5761523978552,0
620.6613601248828,31.867435197629085,55.36865704655977,21.55626059033129,7.984065689739372,11.07057049187298,91.7855956374423,55.00158355335768,Rural,222.84881059456555,0
752.070250289637,12.512153217927956,39.98210082007408,85.23699984826693,7.562941778667266,8.61295897395085,96.38420761784108,62.88700306557593,Desert,318.33225881393787,2
350.3305514828677,33.89160274281909,43.60056321164279,76.91511311403119,4.342644757414416,1.0945787972762782,93.50239553360966,87.58994722593542,Coastal,141.71360529228605,2
1092.0517635232789,,54.11280529943122,74.34830357345001,9.905898033573054,1.8350383088622004,94.00704807820206,54.749332248865606,Desert,437.8096469209717,2
408.5045312450991,34.98834213773064,49.87143169559282,30.06835047641418,0.941184405590563,8.98747120540489,96.95664236937321,66.03822070108501,Coastal,173.60739564114857,2
1048.458596721613,38.788717803446886,75.77581108423983,75.38394065659986,10.5141674818883,4.197189960407238,96.46224561086126,69.35776970269916,Desert,389.4080128459029,1
784.6819840931316,38.13854776433821,64.37417207758119,78.75995510137776,6.39662384763019,1.286712422618011,89.38822098961315,81.1296898281345,Desert,277.01067413685297,0
746.9631153909733,29.33753385927612,55.763208297184306,36.68627508406132,5.079877700929248,6.501080877383346,95.49610313287816,57.90663228596823,Coastal,282.0502551119799,1
661.4196599148577,28.20594623087629,54.5328881839835,86.41950587717427,6.217423728253385,8.359406711446464,92.57207935347137,93.03022451748548,Desert,253.2259997612447,1
407.6028305459828,15.00065864687941,30.657562665089408,18.739510979937318,8.175278601139057,4.9983152264091375,91.09381348215625,72.37711177331371,Desert,152.5517872066213,1
358.87522880495743,37.137115264109745,47.41573125277778,26.243193993535474,,10.834462163164092,88.52519761947296,95.85108559402782,Urban,151.18248256475943,2
398.4375881631578,19.499328315635005,33.22162624705964,55.318585353863575,10.522846349269848,9.692182060708545,93.11612038362723,73.39349568169658,Coastal,161.42983667802952,2
367.7944359298291,27.38433979862813,38.64721209446703,58.18443533417323,5.637504541081017,5.058993580265912,91.73208514760758,63.75201294703667,Rural,150.6473342366344,2
901.626026210078,19.949593252463085,50.73110433699869,63.38625624756776,4.4441149765509,11.347600680737553,90.64088691660221,57.091441434383746,Urban,313.7408628697371,0
515.1127332500571,14.68399270498926,31.88570703748198,16.272684698659983,2.0898240047916565,9.765556133742228,95.29405316076806,50.18725473556424,Desert,193.93350092828214,1
252.05840890705673,32.03451939121078,39.901272537749755,87.02750809665977,5.553851805122084,9.59793614289674,96.07959656681366,76.60787424924177,Urban,95.7092422898341,1
1072.1923671267302,11.901621218801633,46.91808332429041,18.3441069550608,6.207711869770357,8.346072741727314,90.57028994980897,55.35783484634617,Desert,398.4225308041641,1
995.4072964670831,36.202583194417,70.78652920772855,25.729646454255178,5.141936986674994,0.26970605451943663,88.51919808513314,69.5863881815589,Urban,353.85244121359113,0
1034.9770548756917,21.115537834139083,56.21851948109368,16.051088814454275,8.304591079009317,10.477957033805648,96.91190335593497,79.46358806185434,Rural,397.2830344463448,1
1095.4170403817916,10.004714255156987,42.48541328851516,57.5143824970571,5.340310080731099,5.703022687526431,88.10457728264518,63.784294845135015,Coastal,416.5727509754781,1
356.50572429753856,27.889519873303044,44.473164272720226,84.92001629407292,11.556302145235593,14.144884681363967,97.83968118617545,58.761214618305765,Urban,133.84166269374063,1
556.6178170123928,11.639816798466109,33.298979702333206,64.94603745603482,7.391691454971307,12.28797308905036,94.59000867681841,88.73608113046708,Desert,234.23290201228238,2
882.4146281336822,19.66593452373148,49.79784505856037,76.69931013603204,9.785996259996953,8.856647596016552,91.37938966961386,97.33955861408103,Coastal,354.7620501151729,2
826.418556248413,34.744177060950065,63.70646462912572,15.996090259393506,1.7575928857590069,3.8575115291071147,90.58801805055573,55.0220208930983,Rural,300.6137881502356,0
338.50631570586955,12.194136756765305,21.698549111835618,55.651147385979456,5.0688498688779156,3.1353891598372323,88.09455947477699,57.7795162192504,Desert,148.50503041192985,2
934.249812491556,39.37684723246008,75.46703642528627,49.46722331291414,4.373748566642256,5.171734081395481,90.47244987861421,98.00063286263594,Desert,325.07905835456063,0
401.9965146529946,10.133697293050409,27.998152695451445,52.42259581655948,7.049047463570806,7.200862359342276,89.44614716592999,51.889211090612314,Coastal,141.48985425318787,0
401.4358533403608,18.638835422066578,33.002477745472255,20.415988900139098,10.402805480706395,4.511376099580311,94.42774531759304,98.8816168275236,Urban,163.32425267531931,2
683.2769806040722,35.9316419653225,61.89339757483572,66.33265208019806,1.4008895042630767,7.772449481347993,89.74872868023492,50.23222415424944,Coastal,238.79325136033648,0
733.6459413575328,21.069455240525738,47.09763674590724,52.74153111439758,1.334610177514174,2.5640193401464706,93.55061329413451,93.68343278256657,Rural,302.38033036289454,2
722.07758705403,13.566233582310474,36.16549825144966,72.38616373959479,10.278653643812387,14.66792091109995,94.19622243461694,65.36625904938748,Desert,284.6306029268331,1
282.3381536579794,22.608187158014978,31.666375798116942,51.39679755462865,2.9477759894411104,1.7080758689784088,91.12943783264261,96.92944290886483,Coastal,142.29136330058924,2
989.7147763673423,19.463765023458393,54.367638129859294,26.203622716982405,8.190662426172857,13.985967680850143,88.36818196469655,65.84726443177928,Urban,342.48421424559393,0
439.04003832983545,39.49491657561942,53.95222247967677,63.619271555836654,6.74309852214926,13.712312369900154,88.39116574644906,82.7153160767028,Desert,166.4075048130151,1
316.56342915452376,20.96717711548001,31.60959058101827,27.928977157887466,10.07827634120314,7.92787117911052,88.27664698803613,54.00162848829683,Urban,122.89653712461734,1
999.8732718820795,37.61263651216025,72.42540191301481,80.42959225161111,1.9385224631186406,10.901163050357656,95.76080900493373,62.11649057268695,Desert,332.588153170805,0
1060.0863484067781,41.21552506837571,78.15679026688203,60.983717930193116,1.9925041058100297,6.597119639791559,91.33910190055013,88.68396732396253,Desert,355.8325757264344,0
975.9148555389056,25.18360968517853,59.445146610035195,26.79029126677157,6.903411143200537,9.487515205382328,96.36115195266046,76.43429268394098,Desert,357.1438595731219,1
928.5644672523903,41.84801003490372,72.22655625594419,87.17535431109052,11.383354513621265,5.174581467574669,92.53319465034991,96.39845308935224,Rural,350.3725722261358,1
789.7177825751196,23.20613188871175,49.412221980585066,53.87740975014905,5.272474221263674,4.587269394803135,92.75648005871462,71.43757041706772,Coastal,317.94326664103,2
695.7716335482254,43.742744577153786,65.52558321994174,20.467383890374126,4.259834152928992,8.715623813925754,93.38526732635053,93.49061829069615,Urban,258.12624041265235,1
278.2880839202691,13.125133358395052,24.820847394976873,62.01246783113004,7.476927216775687,7.522132145341307,95.48683029193859,72.44777187391188,Desert,136.3261753773523,2
567.6078917636289,34.0456743276135,49.70065665565986,33.98991802596076,11.200158906267857,8.735091900334718,90.87178009121192,98.96241393509926,Coastal,191.93112133806525,0
535.4196653110826,27.283491415992504,48.330360388514244,75.27700889079767,,4.371242661176642,89.27666717010203,97.99171906994384,Coastal,214.80348821927268,2
433.7784053842936,23.56770819094765,41.52265117392361,76.3366555174643,11.94806152343203,5.567671694073229,93.83860201951035,66.45683527780402,Rural,159.56467750182676,1
851.0781023197264,32.14491575620103,61.32828816342621,88.42105168909964,0.7595387068273365,1.3500796133707489,91.43326504404877,94.29618352084016,Urban,324.3950736272455,1
646.2881615708937,34.63499820720159,52.04880968652827,52.64021482683778,,0.8789179468558652,92.64615879351439,92.38056871078246,Urban,257.1638048825795,1
272.94159431688314,10.152714437760817,18.98304911491715,49.12176597958028,7.508879278716153,3.8765112321279425,94.7929404375417,60.534019866378145,Desert,128.03190586673625,2
398.16488175483016,15.843358106151955,29.650760644993372,71.51067040848605,9.936629052339272,1.2062782040251319,93.18832028198334,81.21452003916349,Coastal,178.42712525234958,2
814.9328872936363,34.95661177220116,61.45806638762061,24.935299225644492,3.780309936527815,1.6462431586576365,94.51292757955885,53.63411577949074,Coastal,324.4171146259499,1
268.5177735412702,33.323489475237224,41.69117476156519,56.01866353448432,3.2509275123935155,12.212633240369662,93.7141000221931,91.83553602917308,Rural,98.47996505625822,1
966.0862226438918,43.811662679503705,80.68507086976663,55.96857000981382,9.55022169288381,0.6792180855486706,95.76786190532904,58.727294175174826,Desert,349.4696484037703,0
645.6318743125769,36.6363226587774,60.563292584321076,21.710484210779043,1.148391319312163,9.918247629627666,95.41233448597201,53.540735069288225,Desert,234.7622739603365,0
632.5279195939831,43.27704477059683,63.56639372763004,46.34880641301852,4.747900447199728,4.1611104573494675,93.6089938639905,70.01095477694057,Coastal,214.4632703032383,0
733.1670061935658,34.58891755371825,57.05456443130218,78.99635989254014,6.316806059811792,13.086030642551084,95.12848171902692,78.84610692998217,Desert,257.30727857035396,0
942.2128693326342,20.431827302380512,52.755243093803166,79.21152164959952,6.94400975502872,7.326385040204743,97.17237582386244,92.74584792798855,Desert,378.3109381529159,2
513.0282871119737,13.687772278779978,31.216848768998183,22.442824868976075,8.879074303116933,4.653089243984603,92.53884852177578,98.71212627608682,Rural,234.96665612557783,2
810.2145373031572,37.36383521707275,66.71374239740989,21.804066206087313,4.58072581945257,7.8128201417725744,92.33401226386233,71.97462562849319,Coastal,289.7924652260341,0
709.1587675962119,32.54522275165706,56.295146192389154,34.702160775145146,7.5458699637579825,5.791174483774506,96.02457901894999,53.02234614926351,Rural,256.63574923037777,0
440.3254431524792,11.686510433765369,28.120900094825867,80.6074546915495,7.231817362095998,8.50808586358047,94.11681528894094,87.45577895129352,Rural,186.83179072355887,2
990.7669877196422,22.60176630653424,61.14891895684219,24.66769388051242,6.797585157518092,1.806539738062589,88.74557119233718,78.25866281119687,Desert,384.57099669705946,1
917.6834194462353,43.48799354195002,77.23791526745678,68.99976019705846,7.86555787113544,14.955158491907012,97.36717616475636,72.39456724222316,Coastal,306.75411134158855,0
792.606651192583,27.51404009985704,55.1590958769359,22.58742147098274,3.4836654672828775,6.440782577681091,88.32322257349522,65.46344393960948,Desert,277.8467067352964,0
965.5235561848177,25.145519760689663,58.572543285051694,61.7353390310869,1.4734606662232332,5.288636531639793,95.8581617402023,75.11992639217678,Rural,379.24397183479147,1
980.5647808638221,26.01948618057529,59.625907242449316,41.70504743393586,1.8716242284570495,10.682126739912347,95.96733849839529,66.93398022285155,Coastal,369.16095079722686,1
837.5266790435313,17.31089534018073,48.98561093160861,74.16854722244003,3.082697400519862,5.522101156780454,98.00766639546026,87.85059338736801,Coastal,343.971503341665,2
953.3119955273048,22.904750980267835,55.0160439318209,32.52678366190227,6.252276258512031,12.515787144928488,88.56841128822437,77.19468482463205,Desert,334.78794513992676,0
827.7243155023552,22.94346395955118,52.00426042013358,62.94013720424699,10.165091631279232,6.8686337929703365,94.26699703823715,93.8423887077056,Coastal,322.5048565536772,1
812.1266945842704,11.832425706561533,40.35925582077317,32.67619009319137,8.564873434016418,10.82142035765498,92.49232599158405,77.1771957324721,Desert,324.6209362462652,1
756.7502403936659,36.86486699812714,62.34755702628239,68.52452123341153,9.573966948323543,1.7010529249841098,91.4716460260252,61.913120666996505,Coastal,280.0215281218059,1
877.4449756018771,24.577655116635764,52.54329816693326,80.52585259205615,4.5362196751500505,12.707175864771166,88.94834488314027,92.55459411160723,Urban,317.44295237118365,0
342.7445947637664,38.77629603857481,51.41830586254198,24.510134934507,5.153518028958327,11.062198002993837,93.90786825654875,77.8609522465022,Rural,119.76173554252959,0
992.7836832790356,39.76218003919634,74.38760101025181,79.99467664466276,5.027341688892047,3.2545799990832887,93.02992761958345,60.34205190717806,Desert,335.63746844735937,0
984.6591749707088,17.419791914453032,52.88334397730098,59.51814408107234,2.7065416206517674,2.264761545212221,89.09782181058576,81.17539049781111,Coastal,384.6182077764021,1
226.32255473110322,33.007371875954505,39.86146067866479,24.5332868150268,1.2039915686510783,4.812755996011803,94.43113982451938,67.88583824712137,Rural,92.37928697508167,2
943.2350755082864,26.52986314570436,61.98473338612048,47.0656391519784,7.295535067513108,14.643451731875375,95.74850776265585,92.2202806146033,Desert,343.61004349356267,0
315.9828807261007,40.80548582725198,50.11133909024181,27.064522011382344,11.87599185933674,3.926790461049174,96.05642216106331,72.66498693232714,Rural,124.49829292467523,1
501.6069688332277,17.550923771175896,38.53124824837465,67.52609166499272,2.418541606928023,6.896295413304836,97.50641847675548,86.32206790537083,Desert,226.16971513894907,2
869.157430662447,33.72346201085155,60.64869906438068,71.91511008134623,1.0368754288416482,0.5473013631883111,92.29944278983216,54.776810381811856,Urban,317.91586341045036,1
344.6839064434774,31.27132427884529,44.20480113348078,22.934739020459922,9.46461434097523,6.018690190536865,98.00726407053244,69.80121731511731,Coastal,142.17274714968,2
936.170321707156,20.335551715014148,54.05237433981786,52.96048895209832,3.4047390768743284,8.612668229953231,97.08700875336821,99.16207182361993,Coastal,383.40166930697586,2
948.9207601619677,14.781031627791041,46.402144097578145,76.09687920194378,10.040903761558676,14.30155672636868,91.11326649575136,90.42301447385742,Rural,363.8443705264388,1
656.7209603847525,32.80739161670468,56.641413105893044,85.21222811632474,8.595271670896928,7.7993670696069595,89.67247189216931,57.99704011834643,Desert,225.063221528916,0
205.74728454515022,35.85091103463157,45.611103333232144,53.51384000563275,11.375245676084253,12.304699160047548,92.57158865934414,63.888202473862755,Desert,99.92539064732388,2
458.3343198574215,21.04695703171725,32.655020548018875,86.27094177085553,5.202663211201728,8.252201874276619,92.21993643353765,66.49079044281805,Coastal,188.9868800567573,2
755.234226538168,32.569141140780985,60.00782868459849,55.17667278420224,8.112653153682292,0.7076967001892197,94.04505270597764,82.51827802477229,Rural,283.5677896198432,1
1083.067560224681,23.829581766402615,56.750404733606295,44.5642870949931,5.845829979352613,4.793623300327633,94.12555543944136,87.84973797448278,Desert,425.7005341399715,1
768.6321743150015,34.96224091489162,59.93303740887026,78.61523464146717,7.751770019048251,8.675687666683439,95.87486333598974,87.47633044039549,Rural,287.0755457288769,1
433.82322295774384,16.972534621291857,35.414680154614786,51.97370328435668,5.670387419088979,14.263850092373753,93.35384445615891,75.49370281532015,Coastal,174.36348975615647,2
770.6051327896503,41.1575250922661,66.96514067311976,50.39268829233923,2.6692708338768605,12.901042360293376,89.10063772987804,90.54102689190756,Desert,254.99871451813485,0
685.9868417442699,20.059335876295293,41.7211154085268,51.773436705737126,6.34082028403888,3.50249865126483,97.01205902330761,71.85390413787376,Urban,293.0701880611299,2
901.8608556360292,22.87250957146535,54.04176406075701,78.50887514023091,6.578718316530587,3.3796364672855366,91.25252812344446,56.1940282647781,Desert,326.4734431405372,0
296.2825749442626,12.033218322812242,26.53892112218854,77.3956156266039,9.821944254991852,3.0974772099971215,98.19862333321922,78.22209208269066,Coastal,149.15563654735894,2
884.9251122518252,13.902927431244674,41.21194186564651,45.26399943301584,8.958488116626183,13.845233554907297,89.23753114113758,97.61506923005533,Desert,316.37228401304196,0
687.1399208084993,28.055166594931485,50.00244399995027,39.997489490289375,8.133603675326608,12.804725681215638,98.06163730844128,89.64968256962557,Coastal,257.8465848800296,1
1066.6928034730952,19.365743685479003,59.69485517339659,51.894601802934694,1.8039515988545842,11.645763140568937,88.95562397226642,78.93503238461211,Urban,369.0553022253076,0
507.6849494348175,,60.72618581827088,57.957938230283176,8.787087342632724,5.951753201940991,90.42587944844412,82.34028301745485,Coastal,202.97312963867236,1
769.3597038205534,10.514268602923384,37.23499578806219,32.87529079709977,6.25350929807692,7.615272494051625,88.48908939190869,96.52810135177863,Coastal,298.61916100627377,1
1038.8252949590158,23.268291703517768,57.149071622030036,74.5466313536693,10.78214466522083,7.018542997447777,95.40368803970945,71.41713972174803,Coastal,404.3423757993094,1
292.25875519161133,21.807094136918245,36.22783757224296,51.48620742993172,11.078515742501242,3.8756318026346523,96.92813673400381,66.56970694713186,Desert,139.197352072745,2
1043.505638512806,10.676467082116035,50.38804921356264,40.053416131496974,1.1343007919205328,7.624917887616627,92.55774635906779,98.86207825002245,Coastal,416.54278840341215,1
819.097150070732,14.352893965017858,44.37918819301795,23.011574472299294,9.937377944076506,0.5543985630060415,97.74948178794551,93.17215667551667,Rural,358.22035855535256,2
261.05335319465473,24.477493622152235,31.98955628609031,32.91338703027052,0.933519989860712,2.0639745651121415,94.19814025343379,66.15217923093012,Rural,99.92250975597653,1
470.8672102521346,27.250260455660634,43.632554132809275,86.19608788169877,4.7224506954927605,13.310184982917301,94.6150749221885,73.18902986804613,Desert,154.10546692957953,0
837.3548797807534,24.15014115392042,53.13684178415713,37.882476511464496,6.73644971964241,11.300028528768207,96.87690161785808,70.75390645038995,Desert,316.2688030169482,1
260.6155413218945,28.582818744423285,38.36606529992075,27.66444670252765,2.2031591842119655,6.400739294980397,91.1164021530443,57.4547839335717,Rural,116.23825833006045,2
723.953414158646,30.829608621698853,59.069980993514136,49.55045937412449,9.082608844544383,7.805540398029771,91.71979007394008,97.89096619066295,Coastal,254.7483007092465,0
511.29475125766106,10.347333739474248,30.00148411576719,38.031580752018655,0.5960790979795936,5.612983400803664,97.51249515154376,70.21562156098794,Coastal,234.45570247021664,2
758.8239659907294,26.243330580872637,50.647417236578654,17.636943770339563,2.4388890569914237,11.137620020694019,97.46011670840701,93.7664541318954,Urban,290.31091460905805,1
241.16783043126156,43.72247343106559,54.91634039619882,39.23589129595629,7.179163543314971,11.784388970557986,98.25306915010914,59.467811384033254,Desert,92.42839753007699,1
984.3831255371387,28.166129804534204,63.24580347836038,55.80814679546015,8.715456963428862,11.47294933402707,97.46930232263755,77.39354053186099,Coastal,371.0385591426732,1
1076.1400722596572,33.713979361063366,72.7530134818692,56.37842790149752,11.041395680980035,10.866914700033298,89.3374063783503,51.19806925621349,Rural,331.4708688357803,0
1071.9900697571225,20.91523502709091,61.36796918714741,41.741919088266656,8.613211497248175,3.147114646522658,96.64910500443837,88.21102419211543,Urban,426.19346267401903,1
874.6866485686322,37.08969823534669,65.48057043622171,48.54770671894505,8.225461607930958,5.135752690683134,92.30330402015073,79.04569491231392,Desert,311.84440903329113,0
317.07761611756877,37.05225186566403,48.078317272366014,87.41384386760748,5.03492318303264,7.100696981256756,98.40341423743234,81.27947917348763,Desert,139.47877222160122,2
882.4368763361203,28.245361667894862,58.06774323694065,43.30113579227337,0.5147708935582163,5.028815572272069,92.95895012545242,52.58604412773267,Desert,327.89754150898364,1
222.12822481292136,44.160483814772476,48.79925283249381,34.36701099449873,1.8818314754596523,11.348608982359101,93.81527886627332,60.55191651043077,Urban,83.44242910805741,1
219.91119637609754,14.394257516692868,22.784569345066124,33.26002830500701,6.64737726469445,5.007367511324325,93.56263661019638,53.71654361767901,Desert,112.78618807624588,2
491.24919723458714,10.593168271135335,32.81000327751473,49.33234595281006,8.263993687210826,2.1596580931015237,91.37823881351191,64.44571579019059,Desert,213.0816044661231,2
639.7788713641992,36.955537411498355,55.667642420233825,71.9640111537708,5.300655264809318,6.045702735519731,88.78773193337564,81.37195038410755,Rural,224.0590250018697,0
893.3666760270139,38.25044380777089,69.45371624661743,30.44911381413549,8.902808632576487,14.700725048457468,97.40433791922014,78.30929921586876,Desert,310.63583125763586,0
814.9658389458547,14.207253019220168,44.01214325247463,68.1972095355576,6.501416396320056,3.465633052710281,96.42809603152601,80.60749108066952,Desert,343.67606059094834,2
601.3124357390735,19.295399153551212,40.58749080773115,16.586236751206222,1.3530262493345904,9.221164018254113,89.46503119587653,77.46256356889472,Desert,229.83875743272594,1
446.2639996534993,10.614332717832012,26.007316600673008,46.41997334879595,2.7081868861314113,6.551298442611624,96.15606684917577,63.651439783792966,Desert,225.40739407674954,2
1097.4120501419402,20.265801377319764,56.07679040539602,73.18987989020901,10.159979567305344,1.1582660579749668,94.57138999353141,62.22537486722126,Coastal,435.3181523089704,1
583.5631720123756,37.0599655871535,57.95025009346698,40.40497168308235,8.836496586181054,7.369361429371086,92.29600977313504,56.85298417682906,Rural,186.32977733160132,0
606.2483218967079,28.128618469940264,47.833781782293194,57.28028260840496,10.789762850643692,10.562248496859855,90.66722206550341,92.45354374517461,Rural,221.22048642441706,0
347.2614390725023,22.183345760890084,29.95765271847056,30.37344246194331,1.8519083648907706,7.746977639834499,97.02715222677344,80.82396792706223,Coastal,128.8036078901399,1
915.3285938749365,23.01087532172156,57.436560548371794,70.64965433446292,11.88755914807335,13.094380349824057,95.35197672258755,59.325550625202986,Coastal,324.5472254269678,0
824.3140032033398,10.047376900041385,40.81513865184237,18.92093274515697,2.9081772104242365,4.405161548197981,93.75126904942594,58.86046899106198,Coastal,310.3265880627227,1
398.69265150988434,20.493018464783255,34.550583221331365,78.94069836566253,0.6354685772963831,1.3851126524290776,94.40046960593388,93.65178007630684,Desert,165.99946304188504,2
274.1429410542584,32.626055957327566,42.679208270638014,29.864728981625113,11.970363799115873,14.05482761370429,88.9561949118629,87.13654318816597,Desert,81.86742445494096,0
812.4493718672418,44.0968055335725,74.68116957435709,80.57985237812481,3.732349682618801,5.735125607970463,92.97615748956751,82.96995399526857,Rural,287.86477598878616,0
789.0600928530217,39.64712894443648,67.71291150784842,41.4396930975388,8.18222370389444,8.688442716659138,90.03385307424988,70.34320537696499,Desert,266.4495623807156,0
445.9335742983884,,28.241533972559743,69.20126808558649,2.53184661302751,11.90084657933992,90.18802862959267,63.098778213925875,Desert,177.5967196006955,1
1055.7772060253692,41.449621163619376,77.8068589727596,38.941897333964135,7.172628120290129,4.93227359174615,94.9436916040121,98.97253815564119,Coastal,376.59522278498474,0
335.9521026028102,37.41194446545191,51.79423553369816,82.94337534259857,10.89640234422743,10.770851618846406,97.56818959426002,89.86197875114001,Coastal,116.157531480165,0
589.1013209383417,37.313164324984314,58.573282009691646,24.49778441387808,4.182083425427043,2.117740862285638,92.23944441002264,65.08896115681382,Desert,228.26339234146687,1
1049.254328150839,26.029851565125,63.14185693761612,28.388984195444905,8.207920724510132,4.440276833362028,90.181367366628,92.37823981392474,Desert,405.22424587600733,1
577.75458523351,23.9301852534076,41.61147355915639,51.97725938691017,2.66089127118179,2.256188478434147,94.81184284098487,87.94659743073407,Coastal,251.37692661484908,2
774.673352897677,20.602050509161742,48.289529569183856,21.145382927860958,7.68514708526534,12.187335320180232,97.14746398667833,64.85402749389992,Urban,293.8449760054307,1
557.8349581665149,12.299320063402803,30.15963376424192,29.698513852632146,4.369179045901367,3.417473604879102,95.85734741178615,71.32764271208198,Desert,229.29249849396828,2
446.793682113803,17.988237722279468,32.349451143205584,85.78247866590108,2.928894973761444,10.789312975537634,97.12195092063416,59.297672269551335,Coastal,174.53524861579268,1
1085.5798831638454,18.631127224230863,54.995671878333205,88.23672458609154,4.1015935830918036,14.155146118960223,93.6338240456134,55.55262221890547,Coastal,387.59406169405503,0
568.4006056835387,26.942697439857056,44.70424877498247,43.21944969978165,2.5566722878396924,7.963805915126267,95.8947005658765,86.13810164198483,Rural,244.79210564943745,2
1004.689283311221,36.16055423088429,75.57422195281094,84.24645157604517,10.872035240135652,8.146434964684246,89.47067787326883,63.37559286769333,Desert,326.5409608485628,0
406.95914530197757,26.583343993928132,43.48959220347415,55.86185067550738,5.067649192646981,6.969400164657399,91.65688346131351,91.00296828731268,Desert,171.05778567900785,2
391.794233622575,12.024555730650622,29.57808891172927,35.23068494053253,3.3207120072052243,4.955763136565277,92.09026622705599,99.7804355757213,Coastal,177.86054864643705,2
228.02067459606022,43.522643034587134,49.05757660633811,67.6799040810449,5.656690171683229,7.187259960781265,93.36860533558337,53.83099069648243,Urban,92.6575953502874,2
786.5001428382966,42.99535116829393,70.6653636674561,64.41763549311429,4.186165918274699,9.081832230774715,97.75530178269665,73.65175625418502,Desert,276.447584955972,0
531.673709351385,37.4816340101943,53.50319858708458,89.184398933155,9.060821418853248,14.791274425342824,97.18011388233283,90.10312796554015,Coastal,203.793639904333,1
977.9224248556734,44.69647655474772,77.53237167030217,34.878546555696246,11.669028986683186,14.072691933841542,89.41251766903643,89.44754482706168,Desert,295.6093716495257,0
625.8889160224014,29.056881648009202,49.1267397419601,65.40446269963016,5.537387052022939,12.946079078567514,89.81429134476586,87.99985791654842,Desert,226.6796956663836,0
1071.3740851232496,43.69689225886221,83.67415325105907,18.901781627208518,10.401884099680764,13.348044982002389,91.75522577068357,67.44974676509554,Coastal,331.4595575117566,0
366.972964132809,12.646176421586278,24.697770810031077,23.523452902253958,7.007425345935625,7.070952831051439,91.05281059185208,72.69266278425262,Desert,173.4642519227966,2
981.7608511600497,22.798826189147995,59.297214647137764,15.293878121331995,2.308210148583685,9.895920474944226,94.45509500814076,79.74841786707351,Rural,346.32105548611224,0
898.9371675125676,17.888344380236802,50.55938702235371,89.95955107947549,8.442161533935428,13.43649417174959,97.47914850152772,98.69702917866286,Urban,359.0525083851949,1
893.8296601796468,16.854157944699452,52.74547355519667,75.17052728606083,6.404496716946931,5.954966398371161,98.10406118756217,66.37736354692464,Coastal,376.19686165161,2
960.3049053051989,14.928103211243663,45.579886450646185,74.00422610501556,7.98197501739919,14.430260927347485,94.86283100161988,96.15719438584289,Coastal,380.7573411647109,1
884.921591848699,31.78447745480988,65.27519964908795,53.22945564661348,10.731405244574146,6.2952123248308265,96.8006716147114,63.4678459090247,Coastal,338.62565781436206,1
763.5982894682738,37.346264951155675,66.3650868233467,37.505031217908,5.56499756254453,9.056131714358912,93.51462310242337,99.45372327368523,Desert,283.67450634844477,1
318.1203899141488,30.240443979712623,39.42789995065376,26.344821334700693,10.863542666999589,10.676090227758342,90.18743294203041,83.51318434137958,Rural,137.65491602676892,2
229.2735615421267,15.14369483558734,25.182536162508093,36.35060541348477,9.132693664239032,14.26382099483148,93.50922832698151,73.17557401792754,Rural,80.09737473390548,0
1028.7630630341182,38.38933194767148,75.06832907991807,43.19784164468543,6.118956647596825,3.7447824833787644,93.82836731509533,80.66952140318024,Desert,349.0143891412087,0
754.9852830686642,32.258414750730495,58.22794713822693,71.72325727352205,7.437054560066582,11.21735157575577,95.79580442424235,63.62655845201034,Desert,276.34027414460513,1
916.8835618785587,23.585799714444843,54.0288534062504,55.47463416773643,4.244183023968631,7.860152233546825,90.30877139192717,63.708692875573334,Desert,304.9787841078986,0
633.370116361295,33.594560343762204,54.324295513509156,20.8112719916612,11.811368946995904,4.101501395247552,91.86725901191068,55.67772719217469,Urban,251.65071172182965,1
305.577370066155,19.096674273499147,33.891506417386424,16.352175671918417,8.174538375079553,11.67144191296622,91.82228842675295,55.702514885269935,Urban,132.546044620892,2
312.6672129822954,22.08172729729737,33.02644538959267,22.674913465054736,1.0042388037112437,8.328111974590314,98.07411575528224,67.38358707344557,Rural,129.01750500744356,2
817.0087585060742,42.11200450961966,72.27157106039517,45.787403527303454,4.256151916102101,9.948509927680169,92.66142208343055,88.14277389481859,Urban,275.54492451772467,0
587.2753054095165,20.167657698499713,39.140494624497684,84.98946877867637,7.668115988229161,4.911225921810725,95.92848665663054,80.39855837990812,Coastal,248.7260143519523,2
380.472254030303,26.44958938552778,38.20641238414511,62.80518609069162,1.1478326946912576,7.270981882231315,95.8835195044316,55.12922801655104,Urban,156.2095394013888,2
642.4350920672932,41.15493980886051,65.80413764971567,75.13694249066364,0.7746682001701418,9.2985783397222,90.78821394043403,92.61182624879555,Urban,226.17577591399902,0
257.7880433676207,34.77024725936346,41.09367635412712,49.97809458784114,5.67527875456973,6.133171132620675,94.00463173840319,80.06838134950331,Coastal,112.20456725128895,2
723.774261722959,12.177112915764596,36.678784540257624,42.124956239628204,4.3259370664657055,3.05575084373075,97.3901803798458,98.04277883923899,Coastal,323.0250136130016,2
442.0940639915879,15.155606549763963,30.696953611614006,23.130027953746705,5.540433992381407,14.428443335498029,92.98957605429797,83.50927337056038,Urban,187.63230372029585,2
917.8031905734694,10.27445567701709,42.620312550768624,80.69497666396538,3.5209730636200596,7.720866346634999,97.92373382709674,58.75874318520905,Coastal,381.6028075849291,2
479.3257630312164,32.08226265802072,48.500477794080986,73.7370021770927,2.3942540898442806,11.035413517286738,90.2518114079037,73.68916811539111,Urban,167.4863443915811,0
609.6981341736212,25.66856988936464,47.79964414763323,27.608857319829383,8.425148605273883,6.224603183985266,88.77867061062732,82.42487987736021,Urban,245.2959359668313,2
210.45848591729057,14.699619781579644,23.45137830032044,53.41954229071954,6.417567837079706,5.391463283983173,97.36026566801986,51.413235052498884,Urban,76.91941244618766,1
265.202199015103,43.52769423698697,54.279046293434234,51.55311059409337,2.8017734293677186,6.166748047160162,96.90065257860327,50.745513207740395,Urban,101.45155830699663,1
553.2442007660163,28.538090338096698,45.93002974757162,61.88186645148964,4.1752784019899805,6.197029992406182,98.42219369730537,56.4701500299284,Coastal,238.36418032841712,2
631.9449512454112,18.46626529395112,40.01602839168292,85.96401704934459,7.305790938128248,8.208283727535107,95.13363162518047,62.58322175227354,Urban,245.86972148964085,1
740.0184933073733,27.521124990414766,55.81129797992671,58.482858132185974,1.3306375051334953,8.197701062722311,97.83522323000507,71.47745617603377,Coastal,292.21583681064027,1
462.4963208383729,33.78671164572877,51.76337725021958,55.51629500839639,2.195709606561065,7.507591856654788,96.68296476338317,74.37202368798941,Desert,189.44451500169262,2
825.4836975138883,12.668372629074756,38.81458313909872,18.774219970099796,1.3423244472349865,2.1083081952698275,96.86647649776091,56.90138044689484,Desert,343.5858647939699,2
974.1101574702841,19.61463352667622,54.41144883884057,19.718060701351796,9.841649326212368,7.491524629657913,93.97598648976981,83.66957895579154,Coastal,372.5997711534426,1
901.8658900040148,38.24379218093978,65.85264783233067,29.051009349509165,9.152706181938106,2.619648116267707,92.01482827812546,79.80690308482674,Coastal,329.3261910669679,1
235.65694281352143,26.088270464093142,34.43013326668713,17.435307876881122,9.163098716611456,1.979423215806901,97.81285976170446,64.723204942058,Rural,98.17125209489753,2
632.456252532046,29.13019997113032,55.061702843243886,70.75146716775093,8.737741449974322,13.9964211883834,92.5372303439669,50.6829941717646,Coastal,246.73819966387867,1
294.43716057635737,25.148560077331425,33.558075262965964,69.24977279954723,8.197932372203496,9.113755195900794,93.65760335612153,53.88239576766453,Coastal,108.95372776914333,1
417.8405142762747,11.53649799250518,24.49226990119163,25.20421758237322,5.985407026849012,9.926401866056306,92.68420022481448,69.58473877554198,Desert,185.48409107296493,2
1087.9963339404317,15.801242293705457,55.40917354476628,77.70591755964607,7.886198880331822,6.08672568796712,93.93059229658206,57.698717558284194,Desert,404.0972439110482,1
328.2459886113619,25.593957355966182,33.99696392694456,26.6089526134584,0.9411578800617084,13.643815289531476,92.94030332941944,68.84098030739854,Urban,114.87079209852382,0
648.9993381062204,17.321491289277475,38.77095806322511,37.588169024801914,7.646840860553023,9.605164294737015,88.5036593650845,81.40913022551776,Desert,247.7592658674368,1
756.3401608863072,11.749266003088756,39.414053909273015,33.673267437102375,9.445593613674088,11.560631055901453,97.26150595308084,77.36187139396418,Urban,316.8210894083777,2
832.2184734896936,39.527738241813836,67.3868131185743,42.923032392978584,6.254121144420488,5.591580788512936,92.66613509861558,61.55879415686971,Urban,304.8956535327694,1
703.6838151382227,44.34173852074405,68.49873207615991,34.09978244174714,4.611403276913225,14.40417702420497,94.18390830932717,67.19112456293762,Coastal,255.03452783941623,0
208.7937626772653,37.76000058988588,46.55615370422023,51.6713194828839,3.69040745021126,12.324873223358894,89.46147192895886,80.70155992243252,Rural,111.24945229586473,2
493.8151774195927,39.882472259663345,58.00909563642222,45.55559110160141,7.892223576863948,12.8238320989167,88.03557240381771,93.04275140217243,Coastal,172.2732800529545,0
665.9404790462403,18.469199561096588,42.310753120305804,88.99271180844949,8.46721378424395,2.665694584643739,90.57554598325825,87.66067193694386,Desert,261.77423082556845,1
279.07984923035,43.62194414296199,52.711494307484166,19.194476259616927,10.51612739841924,4.137351797281171,95.39815333740017,77.67000134167074,Rural,116.92945052081868,2
515.5642380882628,16.892399655869994,35.67727021949711,25.663603229051372,4.436841948301393,4.355836335285298,89.04154256618523,68.11464991582432,Rural,201.57213762731104,1
229.8827979122299,43.30004336266413,51.09847592939266,18.961942043145186,9.352381534934233,4.13654742637838,97.54331812405792,68.25256387709027,Desert,104.84793048569662,2
270.72064743951864,44.818675288808286,55.20950916904301,61.93808962367818,6.955591978177386,12.84558161535389,90.25773697823993,93.9708655132198,Desert,80.87382618530384,0
557.2309485814365,34.9102982011117,53.41951735122602,19.08819580602897,10.65261964279791,0.5750834486080224,90.14823295006364,51.96217880202732,Desert,238.31993846522795,2
319.44417863875435,44.34003061271377,55.155438916311084,77.73298030320925,6.569839245399638,1.2338898358135373,89.9058335970257,99.39913222101305,Desert,134.16801983617782,2
710.7867634354023,29.93389228484863,52.831513419983686,53.395397301144584,6.4527430265766235,4.181331572385565,88.14680798619933,83.21877054257811,Rural,243.3391000854902,0
820.5184722235392,19.083962411163164,47.73209371897457,54.525571843615026,,3.0781073222767104,96.10395741902147,84.05688495361952,Coastal,333.74192088752994,2
920.5280291981746,25.294855998296732,55.89133529297516,57.119588078414566,9.117126584137996,3.554708246854441,97.18786257807521,51.89989186523711,Coastal,371.54124777643153,2
380.1352198203291,30.77463273825751,41.851272531645044,27.811027972965803,11.5939405065273,11.98935351987417,94.44870837747008,80.27646374456361,Rural,163.33754607649453,2
350.7343240331628,12.557854670945524,25.350878307817,29.826772733586566,1.345978573481305,8.490586248991498,89.97609980763855,74.23890300452234,Coastal,128.0409629029367,0
294.11105630096023,31.782014261603614,42.50138078385255,38.91129921547535,1.1144979274966973,0.18598285326522312,90.99541896787923,55.28894534470335,Desert,126.59400664718805,2
772.787224589273,44.34122428668031,72.95452461720201,59.51223118663886,11.281828880184392,6.496909208992509,92.99723032233211,63.896100538467955,Rural,241.9641780087146,0
835.828153838211,16.653767742430468,45.04550198761766,30.75883319551609,6.59356969345937,6.177485410070348,98.02063249204465,94.51572281068256,Rural,354.38464756785953,2
228.42753034307782,37.74082907009341,46.55189832577465,23.724879534994592,7.571384667519765,1.7977845147236986,90.5971894040863,77.49942079329765,Rural,103.89100662128568,2
1042.5910216193208,41.77645778228668,79.36873868351024,87.75876648138241,6.047871418339382,10.174512650161711,95.68228199115882,70.67082875869544,Coastal,342.6835741027593,0
246.77415528632517,43.02955574870773,52.5561987993923,16.648636110721718,1.5770607049859566,10.561248106854418,92.61420634457566,53.634107792040545,Urban,71.08685740439698,0
687.1667017709634,43.60474615419065,66.00427335057009,75.20230540020162,9.333027851814665,10.841308963876255,91.12739715778022,85.70607637011528,Desert,238.36075008587136,0
838.1544675058248,28.251087355251517,57.88522068249776,74.10263621812666,9.093083418518749,10.954217088823022,92.7871173387322,85.14254116980163,Coastal,297.5809307562675,0
983.8722113714771,44.20577677970263,79.36958476981367,37.2910585383822,4.084588197167338,0.10078712129122235,88.74767053418294,80.70218034862818,Rural,339.6071514300702,0
842.678238919185,36.50585724970536,66.01395254569272,25.171996200548506,4.021751320126604,14.31341997731616,96.3862173947688,75.51313231103246,Desert,285.1873845183838,0
921.5552747628126,15.658500268293666,43.73997956824994,25.922148502906758,10.135175880413463,12.23171062911448,90.55467024382115,71.68922011036864,Urban,331.1442605976967,0
505.50517328852544,26.69150372637895,44.7051640394243,67.30737129278944,1.332108464025256,13.569327279180351,95.61682729352619,79.66355464939961,Coastal,171.68126718208202,0
933.3426023718611,35.14159113802014,72.23364429982976,63.210494331463025,10.632709206100508,0.33308510008076864,88.71765790020605,61.669772586420336,Desert,322.13950299676424,0
272.1033617462076,18.65691105366792,27.46045017727122,73.70592556885401,3.451609433803016,14.014496057207516,98.0285348397397,97.06295320888239,Urban,115.96407804375926,2
1005.3349904544749,32.421531424211054,66.15210189440704,85.31108792993285,7.31932459918818,12.16584907745276,90.02665734675983,79.43972645901148,Desert,321.96249851719546,0
692.8331385383626,33.33101676663168,58.32687373489717,66.8945522449944,11.263933058520443,12.574565230084609,97.26879180017434,65.55962221771883,Urban,257.60214006389515,1
935.5679929662443,15.694491033299805,49.0641272080515,26.688865241358258,8.298408767671434,1.489982032357331,96.49946870096207,72.48399254425786,Desert,401.99744723710324,2
607.0864560664702,29.77798593584647,53.411482229005756,33.2581962574058,5.265942843370921,11.107792630887106,98.16252920285487,90.28423944384463,Rural,236.76408889319492,1
779.2199256768724,37.00694188425127,61.76390297112404,78.16452981548359,8.429643402412275,14.402758675667156,93.01785193993037,58.08080303651487,Desert,267.5262238868222,0
673.7623948425019,27.461348258757965,52.50579258339552,30.697955687565642,4.455765817638257,10.210355387130594,95.63767158538249,64.64178112301302,Desert,258.26324942141395,1
858.4305695797987,10.42360908716376,41.649523144959645,20.439173771586105,3.6884717880156406,8.601364928906635,91.89246189889673,83.97540113682777,Desert,323.3317119713718,1
273.4669838275306,10.316346417775225,19.603397777857705,67.74600405316878,11.961857696248817,14.189882198460054,89.93586649920678,65.77446032411119,Rural,130.85532646452572,2
254.31687559150743,22.496027038950427,32.07449232049657,45.18947666176065,9.134087658567559,6.699763113843097,92.65229729580122,89.6250840930733,Urban,101.44007847507072,1
422.39291060913183,42.41679239511237,59.259459229628696,84.00300394094278,7.914279739890903,9.029474138026133,89.74036466157878,56.522674358868045,Urban,153.4252971184558,0
343.5902121018695,18.003687286126308,31.773975469748642,63.769130332024616,4.5858308970221655,7.197440573066056,98.31146853925704,88.13430852273044,Coastal,162.1675673345054,2
984.6052099329816,32.202729110509054,64.37787283401596,21.781423334374555,1.0653495352830538,13.999408698268457,89.01058815697752,53.41758574252831,Coastal,313.44918374112797,0
397.2925886222399,17.77265547426622,33.31821244955559,86.08924254402456,0.8571540744042896,1.2336624288060583,94.1867230962525,50.62963063337474,Desert,176.80297908165582,2
1078.278730237218,21.2584496380842,58.8688279863218,34.39179477301845,6.873084437661186,7.566683542297688,94.57787048016759,94.91117594160811,Coastal,414.8341078270677,1
503.20621259399616,39.681473136051935,57.439438772872826,40.290936780471434,9.263376291949088,10.33559137664303,93.64983520017756,79.06696084661493,Desert,167.8208211909653,0
363.9061241198293,35.51015047944814,48.39325880564556,45.16953102626565,6.679860690104333,11.899407422491329,94.95295179997426,67.59134485434058,Rural,133.90360816719053,1
910.7286564282313,13.338974705962372,44.91399170335394,18.841822230323494,10.169028327299817,8.786977846917631,89.21989813762485,61.62973184819252,Urban,327.733548072619,0
792.8369979507885,25.004570734525174,55.1372806570169,52.238656667295366,0.8844051305720488,13.642874387409664,93.82769450415556,80.8442891630408,Coastal,282.5369795369977,0
648.3761448078251,11.020941727584256,33.54667087615971,24.248886830646917,4.717648878898311,14.135672558569688,91.0157319968373,75.45010917683692,Desert,232.989559718758,0
699.8271958438681,26.831155131105316,49.08601472887436,45.072774501626384,3.2263094985030474,1.0583564255843945,97.87184866466109,99.57988877649926,Urban,317.56688504663254,2
847.2816004450375,33.185190409537384,62.05298671317424,41.303234099406325,5.643639133806904,6.095321039166477,96.00175236111713,99.16079933268729,Desert,347.66934519698924,2
405.6092671981688,14.147591825935304,28.701305611492167,72.96300625698775,1.3323285217324086,0.44953942364520116,98.2114020626773,81.75122830708048,Desert,202.1838934097114,2
1096.7005244510678,20.110972861820798,60.953920786202275,75.23778837245484,11.472513878067334,5.008308194879199,88.39433873227199,72.14352530529453,Desert,401.66392744866386,1
1077.3138459321049,23.924281892575493,62.836455870096835,26.5059661791816,3.0674371122976507,8.099336447761972,90.99389833939745,74.5570484567331,Coastal,375.40234093066977,0
785.2931177122432,42.18358586296174,67.96777442539616,42.49133905344196,11.106539418061224,13.670844464598238,90.05193715970266,84.1239533118431,Urban,251.04714505946262,0
379.5882058362306,44.76392553980374,63.0198925774296,43.00148707738738,5.39777128292184,12.713659404734502,88.11712316677422,55.07872721176907,Desert,113.14339786188073,0
812.2054181881622,11.571895464846556,40.5286357233882,26.35578329520638,11.833527532435008,1.9997459274125875,90.54442016758638,66.41760369053591,Desert,334.06548160766977,2
264.97856808125823,36.63527732233872,48.46030868118079,74.88401287883929,6.871671409792423,1.486152583639346,95.1271478269645,53.76361205018019,Coastal,109.8907590599076,2
227.58725198522546,23.01034232408201,30.672467276410444,68.04212462515675,11.204577938021785,8.880083347474338,90.42643368241298,53.66803797584598,Urban,88.41110045029323,1
431.91459966009234,23.736036518031803,39.91976599554593,29.278633972277603,0.5615133699835627,8.028557789635862,93.34453617756749,59.791962094711685,Desert,186.06832980846767,2
616.3606610653846,36.3992740671458,59.650834213471065,42.50414314453493,9.104746271080352,4.069026857307355,97.32209020713249,74.26266272966134,Desert,247.5518384106037,2
981.4452548675424,42.1449251250893,78.9318984689618,22.935376864238567,10.885082510678927,13.501850959852145,95.28445816366529,89.23871605813946,Rural,316.0080873519001,0
854.4521627896772,43.282500807589194,75.30306311598436,62.1154947819783,2.106786520257972,13.917759500977146,92.14360523401334,74.27479455829362,Rural,266.31500637543195,0
868.4358690799829,30.19929051134123,62.33893992928659,24.102894341146474,1.6054472949197423,6.098910431268424,91.91092385857714,66.77383052804349,Rural,320.1480906144906,1
582.9440010032679,22.499240575517597,42.27210714824376,88.94506264686883,5.382584982638489,13.365508100991452,92.78522604708908,54.11764951683791,Rural,228.63260204503058,1
511.34149329226665,37.56421800505727,54.31767818637448,73.55115560158967,11.237307420528754,5.820838524518292,89.85893513112902,77.51477615915648,Desert,195.32083622965348,1
533.9348866861424,18.78504841418051,38.13798446884389,44.26789121879963,6.737445442190046,11.078570794262532,94.65700805786787,63.56342932415884,Desert,234.03622194758097,2
1088.884607362452,29.742591009173122,69.71980841154108,58.392294920951585,6.5657493327999195,7.191539041461089,91.82360460059836,80.74670889585737,Desert,398.975166895842,1
236.09827227123424,22.55024615337056,30.36824428131054,83.35063621623065,2.1229503604422018,1.9264890319570267,96.94983616725146,98.85938695662091,Desert,114.59214456400447,2
980.3283465102037,32.982087579775666,69.42392363906157,56.55744602968696,0.509079377572016,13.92621959843162,95.94380293060708,55.56571607387751,Rural,320.96787212957395,0
720.8078677151541,18.41396195127274,46.54747081227549,28.087386479846636,9.816611043572804,6.8660392413252955,94.41038822296768,60.60626993609699,Urban,266.6684552782749,1
594.7538772706314,16.7057531007189,35.689496967044164,43.402751668586944,1.5071074743417396,11.043856900803814,91.82412333781991,73.65472690496874,Urban,228.4424936887612,1
852.7318943736228,42.1383680336403,70.31014292912454,78.23586487723091,7.789272915456226,5.570889835026253,90.20428423257158,98.43069076729648,Desert,308.49885973365144,0
638.0020472822325,13.563128903233792,35.61245044030125,63.31597619922134,11.018089226924701,0.3813250907858965,96.14959457310904,88.59048881349977,Rural,308.9090301259088,2
986.0809142734945,27.708526770722607,62.836584106673314,63.80432882503502,2.8994970013219565,1.597902344508355,93.10729553940641,94.9114596581415,Rural,384.70755548021606,1
1010.6316776101327,17.729847403705314,52.05282209252586,80.01161142663669,8.150637616724474,7.4936702443998735,90.35987540086225,66.68574242378965,Desert,384.34036834723184,1
579.5488341861098,11.362548716398361,34.351163270646495,82.04797930968785,1.4050336321363588,10.3804689211828,90.04933345792007,99.60192368892973,Rural,228.0343971281918,1
449.1450175115464,11.260658640199924,27.828867976140955,83.98444288345772,7.443184154132549,5.087556366031258,89.73670949726427,55.14164080320787,Desert,189.8382384662378,2
733.1152957340261,16.132762023703958,41.87069147087635,22.11368949398671,2.3852147909618315,10.46277804174699,96.16019256015875,52.64864530230504,Desert,298.06783441154926,2
1021.1270110550219,40.336962407710004,73.20458874689872,55.80945014723257,8.963465945924547,10.509670282536145,90.40436544565327,92.7801313527014,Urban,316.2400442753231,0
389.5959701050999,19.886756039195934,30.890983360019415,70.5382140913739,3.9641598901299444,10.58864501918468,93.52974376701458,96.36324351034932,Urban,157.8631194654886,2
760.6699252071345,43.26607097013535,70.45153685294868,71.76951338452604,5.828996601253432,7.4385756249055754,92.74123679021709,54.52926787730509,Desert,270.80853333362285,0
768.4041980832685,30.356780254621775,52.98573593522651,60.50371514775029,7.393451233317649,13.73180363681041,94.08591444189697,55.67137133729207,Desert,278.5364831906422,0
859.8017201737529,25.281496641906813,57.39983166727631,27.509050138775564,2.4696442226617554,7.389028117911172,97.21012645389754,51.658707887788694,Rural,311.7832407618455,0
318.4109166145338,30.30310921343091,41.13118360619495,74.80654154562482,9.02883491410264,6.808951383099909,97.11134759585818,55.22537813213621,Urban,101.54735634746542,0
844.2424682138798,28.084443482919372,64.11911580959463,69.00835001362093,3.980363917323367,3.0707742032583423,92.73629875416103,60.470990840014046,Urban,303.9221410949881,0
1018.1292685990769,36.557168881506385,76.8075257837063,21.46018286617772,8.117276388996665,4.684060801609414,88.1613456327146,98.50383094550006,Desert,339.6483911699939,0
361.71479798321775,,32.18448209996742,49.78573685057822,2.320255083042797,0.7307839385227198,92.47765996000018,83.39301111198402,Desert,146.9853761093526,2
413.7889924314899,22.356763706010582,36.6267044360501,28.04830496413527,8.413353080873028,9.539675874880936,94.36503214295348,88.9276512759271,Desert,172.16951416914534,2
1074.2555846374757,,80.88340907897948,40.31077842847289,1.97416283732031,3.803182584513684,93.85652997052965,88.8069701845761,Desert,379.60975971605393,0
362.8792574385408,43.125977960264194,59.2330971904492,16.356081915426408,5.391599707104811,4.631913291833429,94.83902911090216,76.75368748896074,Desert,147.32552422761367,2
968.9465840326212,41.2395379620266,71.87661028829632,45.02474013080687,3.3428698479970835,11.585136372798386,89.61779519096737,89.87444888565085,Desert,290.1643941150841,0
643.0500708032314,24.680679788505977,43.6146813359097,56.24076908671579,9.106315368424099,4.975595629105663,94.78861853719769,79.79037661949849,Coastal,248.88002718376845,1
422.5079669628593,37.31279260524086,50.85650183783218,61.468694462031515,3.5134025518290573,3.708718790995819,89.91784199680961,65.72730488016788,Desert,155.4334453815436,1
983.6749111452602,26.671750665538458,62.265847721970296,64.76177588465325,10.639749023547058,2.618960462092216,95.88050179731586,78.05550543842003,Rural,389.11555864041105,1
600.7747295023989,27.413894825113577,49.43475753871274,77.72184848268449,10.755932431176047,11.645390192511142,91.56041993925814,76.67542930672568,Desert,226.82766940481113,1
663.3356185367212,17.16380381700494,42.52009337575788,31.159718045679753,2.7590751250620373,2.0326232440514005,95.45390205050526,91.17265268796604,Coastal,290.7433471672671,2
523.3100324597891,30.689560614048077,46.606016693410076,24.036136682885093,7.559228367588829,6.860931027730267,88.50258878851412,99.08636086908295,Desert,194.87003195776907,1
733.6557662914347,16.514756421367178,37.560420515629644,78.86528789234443,1.5087528797795897,7.653258729550196,92.28253026870459,70.55212827104653,Coastal,289.2335536657337,1
347.1714853265205,21.60476446735178,35.47179484438429,26.74596111694874,5.0026766454187355,10.342109699017147,95.40286248376499,88.16953392206798,Desert,135.57638908072255,1
551.9733829865846,39.92605705669773,57.588732915297726,88.10700610021465,8.703199889264631,9.535923886761632,90.38214042148068,54.98815020190668,Rural,201.22479898149078,0
1072.4710901017588,17.247653322379932,50.74716574716422,78.19036720489777,8.083367338774037,12.179738026883104,96.35051397037084,88.84156847241442,Urban,405.0181578136195,1
432.3200894310148,12.490539981070148,27.91187060307443,52.56574544171993,7.684057698175992,0.7667963655009484,94.62318719760178,68.57084559966161,Coastal,203.56952187404562,2
791.062998087163,,41.688822050936636,88.60660686915189,3.749219932118101,4.5169667992130185,94.16939860757289,51.96950814448434,Desert,320.99909172035944,2
492.6710578022254,42.92745821760877,59.92683097644411,22.303254683100317,4.847286918495623,4.273998369753158,91.71226296914554,68.16230892810886,Coastal,180.6969156964823,1
896.1258131179405,27.742215328664212,58.19092201542715,37.72993208813263,1.683880664053291,2.275651893322413,93.06574043900173,80.53213754608224,Urban,338.243615928426,1
317.7862946465149,24.32942251359564,35.13321836193185,62.86683112804586,8.768762434986412,4.4087559824610025,94.27216766026746,55.96250838407333,Desert,116.04363065541916,1
1072.8389405706903,38.38075033527714,75.18894773044975,41.250515135488406,6.294721163099646,4.715503180729261,92.96085219610634,96.20172462151274,Coastal,372.74569032246626,0
608.4105872452753,39.253907476868065,57.85218380657237,84.62794139855939,8.650804771975029,7.876078482719426,95.33228990137589,53.88362066364193,Rural,221.5709068536865,0
412.44541701181754,21.62668615904616,34.63291440047891,19.921956613336317,3.3628505351640365,9.989196736001215,92.55381779762308,96.50033599165832,Urban,140.29742560891268,0
266.1470725970114,34.276632011582834,44.634339362505855,56.205887404572344,4.231039629303261,5.77839765281603,90.12386840829132,85.35687589678432,Rural,101.27172724498338,1
352.78211457878666,36.98929855481603,49.98002964782656,59.31497005463359,4.343476378491319,10.82010644656938,90.246304719411,66.48560877071017,Rural,138.1536138645992,1
667.7965537004159,32.912774040308406,56.621773031756604,63.95460928329181,0.7960377120929862,5.108863544835741,88.06093957285088,69.53751738545466,Rural,245.18182819824585,1
503.30285878815766,15.305827618003478,30.931130711882243,34.17496674988608,4.42205053755217,4.425226791989929,91.16005601336606,87.04046823663721,Coastal,206.466895336896,2
945.9950292943486,40.655907923097,73.40272762412786,42.342482063989834,9.738002595457386,8.163702032269663,95.86363522502445,80.07355504406037,Coastal,335.8437855502071,0
587.7987712956253,28.868309345760306,45.08713624822148,78.27603972487333,10.818932701121993,0.4533737685562801,96.3387084427949,83.58214607274726,Urban,246.46682177410486,2
423.84284532886693,19.88653492295013,35.077987837231255,29.620707672761988,6.459510629813166,1.2888579421466055,90.12590919200538,69.45823082567401,Urban,176.61581772520202,2
755.4304879436271,24.882986490319286,54.18076898397337,77.01508853800215,5.738269495021033,6.327746199439253,98.06996196714978,74.39067409037995,Rural,320.8813341694611,2
836.0994951969012,11.314988163961758,37.630206231769094,57.19915671770568,0.8544831150427579,14.149399399737172,93.27522933154133,99.49337420189467,Desert,342.62697712300013,2
350.3377171108549,14.475338042784614,25.565302795029027,72.16406333955615,10.6108498822319,10.850525519667013,97.62827686469427,60.696143524985885,Coastal,156.6382552122257,2
350.8572946594859,36.79413626805513,49.732355138557395,68.52055246976036,0.6496174543975363,1.4130858855583106,95.42103545954713,70.89280932610657,Desert,138.02241042782518,1
233.00428424018867,10.000407216437814,20.661242433699385,30.563362153865924,11.364625922417435,12.710138390435018,95.58555094173533,64.59115937869836,Desert,106.14220294222703,2
862.7618135590765,24.579803996880226,53.880018238847605,57.660955232540466,6.125986859913042,11.011281482061896,88.89295802371375,88.25557552199248,Desert,286.7407262944179,0
797.4240748596246,28.287856337995596,54.81319829955066,80.07923646038194,4.432246676109356,9.203103232969532,90.30990683241777,88.20063128328604,Urban,287.8681217359054,0
627.1677881748325,11.91220470003403,29.925231001321006,47.408717760144704,11.128512000690591,12.322365113076742,88.09255574959197,64.62227304986979,Desert,243.95180414260955,1
959.7534040722774,44.05773570403165,77.85598110517758,87.49430776674876,0.7804964207661125,6.121236731370061,95.51934022500575,54.06951583164914,Urban,336.85696661186773,0
925.1031376550478,17.914386593738516,54.37714849195269,48.91613250762885,7.186386290994502,3.400365657722406,91.61660202849936,50.5716338336102,Urban,353.0555280471397,1
726.8189279570769,20.646955187269832,46.640334589696884,25.708922750091354,6.812724031742382,7.729148497720514,96.25985141880165,71.37252666212427,Desert,294.97577891383963,2
981.4441524619327,20.63798792892596,54.94397530672618,44.207601005825495,3.022184613930894,8.27774215834276,91.55883030933877,70.51687971678854,Desert,356.5889339010823,0
385.25708903309146,18.06458317410725,32.19274591179942,86.37768047929029,5.432205460527421,8.12106294294769,96.60300439913804,99.41949393199314,Urban,175.37792141755557,2
300.7276574579551,10.0515837730209,20.554867776152125,38.979063700489064,8.001036068353358,8.519599493053569,89.37233166435729,73.49010378488398,Urban,110.67120247138317,1
442.77465036529065,35.52706779307987,49.39815181134478,80.10736199002972,8.862008764142166,14.235703281763794,89.82041814595384,62.820918478771034,Rural,144.26661660268957,0
251.37817048038337,43.83959249297499,54.28438829114382,81.09380112614174,,13.543459784133848,91.57920366563134,94.56147205157336,Rural,91.55901799862161,0
678.0525752009288,17.850271914976577,42.0336350932326,41.26398932489708,11.273814446046677,13.148183844728196,92.28911758326387,74.55339748267892,Rural,258.17485116933074,1
1042.9451230654654,33.20665171311978,69.7449575242784,21.24432435379741,2.3920417825173423,12.041110482538544,91.66137951385127,79.9587817605289,Coastal,327.6319200649274,0
235.4091866016587,35.96637144355503,42.25496092005659,69.34184318691138,3.1861749935571306,14.157078798252751,96.0182938414938,54.78343552141063,Rural,95.29061830186721,2
309.8989226090241,39.69488826816837,53.148366423353735,38.363422426048956,3.5299446254792546,1.5675701610231085,89.0179896225805,69.1458203664887,Rural,125.75714687867072,2
606.9791254550918,24.792021895476317,47.36569677707075,73.71927106931793,0.934931570348406,4.050336595541519,91.68777870620413,97.21118372368935,Rural,242.3445795628449,1
1040.4875157751144,20.602581697415022,55.91380307480942,48.19911361953248,1.9150994212887364,7.476333590253315,96.79101999491232,79.47526920877127,Desert,434.94258560680163,2
484.54049447907545,21.38532969080609,40.34789670493761,51.395005675696616,,12.713363947538738,88.7013693112528,67.22509275712308,Rural,168.23285893575434,0
656.5113278195531,34.941746658447954,56.9245014553619,73.34320550614027,4.12499247983879,7.626969101688714,97.89460683054925,81.28335903157965,Coastal,254.02067256012106,1
237.41557314535288,38.58728132769726,45.33281940276254,43.67724982962209,1.8259625388990675,11.24571761618967,98.35632684385614,95.52055447890581,Urban,92.87281735976853,1
333.50888086588,16.356488871481094,26.50989346682632,48.23455089921859,1.7303995035081683,2.170502588208852,88.92996582516334,63.69953002362951,Desert,138.03567264627145,2
1087.967110662962,22.982935285521783,57.519647052549274,43.21428515772166,8.773789628204677,3.860965813350747,91.05836148368523,75.25583592353372,Coastal,401.8288885494517,1
1068.606826792441,41.56790688622025,79.91223058479211,42.550538645795996,10.32753963637537,11.003463816061318,91.91020699337123,97.93453269558776,Desert,333.32546045535264,0
204.44598284096867,38.23427318931587,41.72759283207308,54.44599326760945,3.4549514443474036,2.5545367324270885,96.15210937085362,58.61980716492263,Desert,79.24025368012639,1
1056.630606880915,44.47004409668666,78.99522767498715,75.6599583375863,0.7404593918552022,5.335203426358409,94.2572315272257,85.98319627983557,Desert,366.36118066509323,0
775.2079440339503,36.39868908887283,59.37979111190403,42.132623394192436,3.065535212121592,4.046507241422214,94.76583985517196,80.72405041014912,Rural,314.2288311381082,2
981.1264650680199,23.761832035977278,57.929118927776194,54.31910404033025,1.1499304441627094,5.312939243914929,95.95385313959432,83.98375655703174,Desert,410.50440480510605,2
609.2658700704732,30.672324189812322,51.69598872173515,65.30454940819507,1.6890417712454773,10.654028331261758,89.23877949408877,67.56098153337848,Desert,231.8672644521508,1
664.0364257213253,33.13549889865621,55.723381372529865,35.20795847277412,5.462343378247887,5.5809229990277345,96.74869929755775,65.69396867418824,Desert,250.31220153837415,1
639.9619222312282,12.745953571099339,33.059465459851175,35.81421036767944,3.1440612649087747,8.373423506858309,95.40900794389151,84.21048352941852,Coastal,263.2471034572817,2
800.1778317914939,29.057393568635277,54.71915017446428,85.00598452675911,6.433377603042369,1.5889849681107038,94.06208811456189,60.77716425522727,Desert,311.10497453646536,1
325.6861292806816,34.82622899654133,47.15398324845833,69.26509299983164,3.415178162457689,12.094763629195954,97.3422210152221,70.98273724295026,Desert,148.87093471280951,2
226.97623088541016,15.856245640037113,22.699309857609492,58.28900071674816,11.316178962683898,5.61134052215706,95.35321671577998,59.4087323026459,Coastal,97.09523011793117,2
477.13694743207185,37.322110109894496,54.654619913089306,63.5790040815459,10.918355631152043,9.763158969596802,90.11784960762577,50.415242056166484,Urban,150.72171628406895,0
834.212686462982,30.432047317993906,57.858993971949836,17.19745823275638,7.018270207620359,10.908305064761306,92.5123265012945,98.50286800190347,Desert,300.6617001086405,0
381.66810691065353,43.32776249941581,57.04827172683085,61.35772241712726,4.575875907854941,3.223947739464336,93.1874501028252,71.58514893282096,Desert,155.2320366165247,2
806.0891899924255,11.48478043724121,42.30445816160824,53.21316549181514,4.883189143399459,13.281657275804914,88.57978508087926,98.46748072099126,Desert,307.01060299893715,1
1072.9208414965433,19.286414814441343,58.01097586760593,55.93122598345767,5.236301256161715,9.281741348943598,98.02369389028058,57.0161759883913,Rural,403.2025970001411,1
284.5106442104765,31.05438577549384,40.187430686427554,41.95678701231128,8.867162204551857,6.488004612097074,89.35006123836722,79.3683389728743,Coastal,118.94568714121547,2
805.3419064026136,,49.0809615920109,21.110542328470643,,2.8167942353154714,95.32334330588063,60.04870163956198,Coastal,297.0527047815784,1
599.375197374114,35.00484574249347,55.501647301527036,29.500442520903913,10.35239438481782,14.14028397472798,93.31542587895424,89.50370634816375,Desert,218.570586995114,0
981.3280289397549,36.56518488826758,70.92742627054847,86.30585349095038,11.357090038199193,11.350516241561214,88.26913862378643,89.18514943804877,Coastal,329.80426659001984,0
359.43481050264734,13.588058742326606,25.51705500562226,45.65246717032005,4.363380763857739,3.1995659847254085,97.7098484965758,55.63035745196559,Desert,152.70930207632207,2
823.3633570035481,27.98490624723687,56.47395333059028,50.001236687314815,6.947986535820322,5.131890543390945,96.94428649259879,95.60322264381946,Desert,321.8670387781183,1
954.3037606832992,27.811169445686957,61.63598777575078,18.953234239007926,1.5931501735744908,12.16414644551229,93.50470824299028,59.73148236016123,Coastal,309.5074629590695,0
1050.1527975266208,22.924826957543935,57.69345747181177,17.817467215798544,2.8053940493131284,10.465597181908551,90.40389452946418,80.64886707946802,Coastal,391.2310035822889,1
814.9232254606812,42.65237018993852,69.14292542708242,68.78860852850683,5.254856317166841,11.510185961464293,89.27704035214099,99.2816810043852,Desert,264.43511068508104,0
647.4572876075846,38.96272119556274,58.84664115416579,55.357099809083344,2.8713312328704568,6.6738964229726925,91.81562103403733,94.11982673831818,Urban,244.37742041416598,1
756.0625161810924,34.40232836683729,57.6639742241681,53.152948816220004,10.580445644070252,10.775496313368286,90.68199695098394,97.82819642805845,Rural,280.0248376913461,1
982.0144860308465,,66.9373738773636,33.23433978170015,2.320291944679628,5.858756470672314,93.32025761056613,67.12993856090597,Coastal,369.3139837736879,1
713.5487719749467,26.16006503345917,51.45319706619056,70.85630487224417,5.740099447860557,3.247817462379127,98.147297609296,55.27878211097317,Urban,288.6678556565782,2
227.34835372715318,42.234808238380154,48.406425587846755,27.61774343313689,7.46554126528857,9.526887819136263,94.03701167891123,59.417343664472504,Rural,79.6763083614686,0
1037.8538259562802,34.310839953864985,71.662952790797,29.2451057745765,8.456434943849711,14.642607491422034,97.34427608684602,75.02474475383069,Rural,358.98398446999727,0
820.574075928405,35.51433715795358,64.30385731295287,49.55341285112066,,4.727954473790411,94.83422779370567,89.6614839136661,Coastal,326.5345713756033,1
808.8620471995218,40.15918163255708,64.53234485766424,36.47098965839557,10.494639290334378,6.96844692396684,92.9900885291656,57.50768220919376,Urban,284.4025163986204,0
394.1076371579454,19.592505626976685,34.69622409594815,33.55972359248598,7.035670237396143,10.142620428940818,96.9733794087004,82.98657661303785,Desert,154.99552717529846,1
792.9969232093915,38.24748163533461,67.62397123884674,63.39282334149988,5.554339475146845,8.168443603625068,92.94936515681647,66.17888020197559,Coastal,258.0003512582774,0
554.4779650887426,16.83342110347722,34.252424531913505,63.82288089139084,1.2732672915984211,12.667074156064833,97.12059579035879,67.06010361960767,Desert,212.18556575663044,1
786.1096793373429,22.086968328571075,50.44119019116806,76.83878023499469,5.8439288871193975,11.449966326395787,91.06155608054553,83.09588650789632,Desert,298.91685883926596,1
295.9337272771917,21.746365899444495,30.39104987932781,46.328142522973195,9.938462169380898,0.9686283375491199,89.35253727451138,73.34997097666101,Coastal,120.27146979459992,2
792.0607741427324,44.24839139361992,72.16585924211222,20.481381826961268,7.5672217095451275,14.976476385464233,96.98080187581085,90.6016646512997,Desert,267.0693523089893,0
1099.4723531936,39.97880283117744,75.93133837904351,35.524978869109326,10.069868217884862,11.310796560420062,94.167859219823,57.79592548314135,Urban,352.3688343126776,0
243.39083497450042,34.54094515565909,39.47341147469745,88.50040973976127,6.181134211892014,12.972159412782286,97.33547018161408,89.49741348835192,Coastal,100.67340467711233,2
1079.4567657991856,35.446986656538655,72.46233908028421,59.71939314245266,1.8623096085865412,9.802845910220661,97.84718567342003,53.211762402871045,Coastal,374.3691542682496,0
566.2171646505835,29.672547804089987,49.24269067431074,68.23028136007652,0.6568582271126323,12.858648407896757,88.56309809890021,59.70269401228025,Desert,193.0109608747802,0
983.6781053035332,43.14817334879817,76.78154764719262,15.55183722190609,3.987024787263799,1.7745063264377703,93.26017766951811,82.80748572515827,Desert,366.2547867291789,1
904.1469356524461,27.369056350882655,56.64613798227315,53.86542991368906,8.526890422224614,5.281293749833802,91.93712776528255,92.74628282555356,Coastal,362.5271616010113,2
710.314634888001,23.318119845446308,47.379333942264076,17.814649314885234,9.587988895329477,13.158672059706943,94.57151316923623,62.63398138696745,Rural,245.98574087448557,0
864.6042883261939,15.706236792605685,46.50597638918394,57.6922659068586,3.9011575981337883,3.1046626478766943,96.3327075706244,66.35958029144564,Desert,361.24827561395927,2
990.6640051712131,37.51719782913703,72.10065194988442,84.05781372270565,6.2000200901573415,1.265807268842339,90.94619726773088,76.856037414337,Desert,341.89505069824685,0
563.7262894859297,35.7055376226457,55.80095981585167,87.6314347875306,5.342867400991938,11.842972205183763,93.84638303591831,60.57864032446511,Rural,199.86134429135018,0
494.32984540691484,23.452426348344723,39.413740536678276,55.54145065416931,5.22101202004142,12.548743719085113,95.44165008900144,90.55781307937528,Desert,203.06736318675283,2
800.8340470072262,10.881769488573028,41.254396963258266,49.3653603939162,3.160510201801731,2.5235180510295194,89.4115263697752,88.68183225028804,Rural,319.72969431829307,1
927.0613477471327,39.36490647013038,69.45970696817045,85.87628206863705,2.0682677078387712,12.82975514346246,96.5477025124883,57.26458559828908,Coastal,321.01082040295273,0
886.0566212989542,10.399629420892577,42.386731760529415,65.52073739975214,2.761918419658951,10.332840154397827,94.36415079845622,73.1914865908316,Coastal,356.6551939387846,2
918.032283972771,34.62949228701679,69.12440441198369,19.86744596538071,1.13632245237848,7.8492319799271,97.97014308969335,88.74138833273108,Desert,346.7863739750352,1
592.0249833316398,43.958998840411994,65.64168944251718,49.929418325062315,2.778503530971136,12.470727872442637,91.56505365087227,66.86647655517073,Desert,191.0740903393864,0
936.0507945575195,25.31814648518712,57.67487584057064,33.018376384822794,0.6058103226918637,6.34681381485259,89.13553239454059,81.65534113588659,Desert,329.9513626470451,0
308.1881498335476,18.224069174858347,27.954060325706553,50.23532410865112,7.71347160731375,2.9905099477286186,93.31826261088771,52.51065607287864,Rural,114.4595547556775,1
690.0401881647646,34.67048535151836,60.89406723937763,49.15991790047713,4.138317184958353,4.344304881498143,88.90101310294911,80.4344380264659,Urban,237.48507182166728,0
205.1827944483094,38.599484970545475,42.93493292571296,58.66086021110565,11.69116418140945,7.626943872570391,98.18002849490207,57.63264900003035,Urban,107.72955043812124,2
492.1272469102433,29.125061062724654,44.40926618382388,41.75778677619384,2.7277460839274252,8.016828810830319,88.40619206170051,91.52916625572257,Urban,176.74876166221725,0
529.8153813842581,43.84623463396512,61.59465745143071,27.320283709194605,4.477028558560329,12.10315431397438,95.91179096162674,67.77247317902392,Desert,176.38722658465252,0
556.5554224483299,11.808405258028639,33.76315255874418,52.77895759424672,4.615173324377632,11.891155582419783,93.51357518049356,64.07769313640978,Urban,224.16051181319494,2
825.920486020876,27.667845940658484,57.334598223470934,77.26521632593216,0.5971922047182963,8.762361702348166,91.87051685123203,92.04444883557426,Coastal,303.78949154891615,1
549.7022911433112,35.14588815628925,52.44937682928465,64.80091710507017,10.150891459953778,11.733703702145599,88.69134272734087,52.50720115359051,Urban,186.0240013903634,0
603.8242603602775,40.19241649022126,60.70565019206117,40.37758994439119,0.8679362916597343,2.957424528575698,94.53275270382288,69.83043996671724,Desert,247.5791296886955,2
413.7897177868947,16.273946416772652,29.52794025112138,85.16422670691429,11.312068099386275,0.8459614536900857,94.14481345860503,68.50017702875157,Urban,189.41585551399683,2
535.9266124664061,38.00012186172885,55.337975313586,83.41556784368866,10.758855037576637,13.117143957257031,90.9492743672098,64.24001871247754,Rural,179.78315674380332,0
404.54266453683636,29.344747650149085,45.461520026051915,30.70112995380741,6.658502034988581,1.2257619570652667,97.55732786480827,95.58771660007386,Coastal,172.05573252358218,2
265.87633139159925,23.87937886964871,30.44156420982768,17.956318884027223,6.7513491114798585,3.77565760318556,91.19315507709979,87.54641967583612,Desert,107.02322134940877,2
743.1037340432401,14.610026000268274,43.83621840325043,70.59815312630717,8.018446113995797,10.46025234940333,92.72211681121712,53.19615820959694,Coastal,289.95437311354823,1
801.3915186995147,40.285351561811936,69.9905140966642,77.0707696011865,4.9510751372512,6.200774270646906,93.70950578714589,85.7343724717477,Desert,284.29787760116585,0
757.5413114086531,15.504562286290037,44.200231526800295,87.58984244635164,7.943056259075338,13.15707815174108,89.05243472085101,76.3649566564397,Urban,252.48797076294392,0
617.1446394205151,20.842575072318475,41.51675842798599,81.73772955662331,1.014836469917599,4.539898940467816,97.78769805174313,95.04339472007896,Rural,268.5193557738384,2
541.8072021613068,20.15159361868529,38.814964256172814,60.04010761548111,1.1215477145218555,0.27688306537345353,91.93262960073594,65.64728086741792,Coastal,206.7750308251227,1
977.0002846146427,40.4994911966799,71.82819752914297,54.75392544092856,5.75814982562476,4.579769044355087,88.8481817456806,78.70809998047915,Coastal,357.7457288333595,1
